axis,delta,margin,name,strength
warmth,-2.875,2.75,aaliyah jackson,-0.5
warmth,-2.625,2.5,aasha waabberi,-0.5
warmth,-2.875,2.5,abd al-hakiim amar,-0.5
warmth,-2.625,2.75,abdullah abukar,-0.5
warmth,-2.75,2.75,abigail,-0.5
warmth,-2.375,2.75,abigale,-0.5
warmth,-2.875,2.5,abu amjad khazin,-0.5
warmth,-2.625,2.75,adam,-0.5
warmth,-2.625,2.5,aferdita dzaghig,-0.5
warmth,-2.375,2.5,afredita dzaghig,-0.5
warmth,-2.875,2.75,aisha,-0.5
warmth,-2.25,2.375,al-malik khalil,-0.5
warmth,-2.625,2.625,alexander,-0.5
warmth,-2.75,2.625,alexis,-0.5
warmth,-2.625,2.75,ali saeed,-0.5
warmth,-2.75,2.875,alison johnson,-0.5
warmth,-2.75,2.5,allen wang,-0.5
warmth,-2.875,2.625,allison,-0.5
warmth,-2.75,2.625,amanda,-0.5
warmth,-2.75,2.625,amber,-0.5
warmth,-2.875,2.625,amber sullivan,-0.5
warmth,-2.75,2.75,amy,-0.5
warmth,-2.875,2.625,amy rasmussen,-0.5
warmth,-2.625,2.75,amy wang,-0.5
warmth,-2.625,2.75,amy wood,-0.5
warmth,-2.875,2.625,andre robinson,-0.5
warmth,-2.75,2.625,andrew,-0.5
warmth,-2.875,2.625,angela,-0.5
warmth,-2.75,2.625,anne,-0.5
warmth,-2.75,2.625,anthony,-0.5
warmth,-2.875,2.625,antwan,-0.5
warmth,-2.75,2.75,arjun kumar,-0.5
warmth,-2.75,2.625,ashley,-0.5
warmth,-2.75,2.5,asif sheikh,-0.5
warmth,-2.625,2.625,austin,-0.5
warmth,-2.75,2.5,ava,-0.5
warmth,-1.875,2.375,babara,-0.5
warmth,-2.75,2.625,barbara,-0.5
warmth,-2.75,2.75,bill zhang,-0.5
warmth,-2.5,2.625,brad,-0.5
warmth,-2.875,2.375,bradley,-0.5
warmth,-2.25,2.375,brandom,-0.5
warmth,-2.75,2.5,brandon,-0.5
warmth,-2.625,2.75,brenda,-0.5
warmth,-2.75,2.5,brendan,-0.5
warmth,-2.875,2.375,brett,-0.5
warmth,-2.75,2.625,brianna,-0.5
warmth,-2.875,2.5,carol,-0.5
warmth,-2.875,2.625,carolyn,-0.5
warmth,-2.75,2.625,carrie,-0.5
warmth,-2.625,2.75,carrie johnson,-0.5
warmth,-2.875,2.625,carrie martin,-0.5
warmth,-2.75,2.5,chad,-0.5
warmth,-1.75,2.375,chales,-0.5
warmth,-2.75,2.5,charles,-0.5
warmth,-2.625,2.625,chaudhry mohammad,-0.5
warmth,-2.75,2.5,chloe,-0.5
warmth,-2.75,2.625,christina,-0.5
warmth,-1.75,2.625,chritine,-0.5
warmth,-1.5,2.375,chrostopher,-0.5
warmth,-3.0,2.375,claire kruger,-0.5
warmth,-3.0,2.375,cody baker,-0.5
warmth,-2.875,2.5,courtney,-0.5
warmth,-2.625,2.75,cynthia,-0.5
warmth,-2.875,2.5,daniel,-0.5
warmth,-2.875,2.625,danielle,-0.5
warmth,-2.75,2.75,darius jackson,-0.5
warmth,-2.875,2.5,darnell,-0.5
warmth,-2.875,2.625,david,-0.5
warmth,-3.0,2.5,david schmitt,-0.5
warmth,-2.875,2.5,dawn,-0.5
warmth,-3.125,2.375,deandre washington,-0.5
warmth,-2.75,2.625,deborah,-0.5
warmth,-2.625,2.625,debra,-0.5
warmth,-2.75,2.5,dennis,-0.5
warmth,-2.875,2.625,deshawn jefferson,-0.5
warmth,-2.875,2.625,diane,-0.5
warmth,-2.75,2.5,donald,-0.5
warmth,-3.0,2.5,dong liu,-0.5
warmth,-2.875,2.5,donna,-0.5
warmth,-3.0,2.375,donnell,-0.5
warmth,-2.75,2.625,dorothy,-0.5
warmth,-2.375,2.125,dziella lousaper,-0.5
warmth,-2.75,2.625,ebony,-0.5
warmth,-2.75,2.5,ebony booker,-0.5
warmth,-2.875,2.625,ebony williams,-0.5
warmth,-2.375,2.625,edona sanastroug,-0.5
warmth,-2.625,2.5,edona sanatroug,-0.5
warmth,-2.75,2.5,edward,-0.5
warmth,-2.75,2.75,emily,-0.5
warmth,-2.625,2.875,emily brown,-0.5
warmth,-2.625,2.875,emma,-0.5
warmth,-2.875,2.5,eric wang,-0.5
warmth,-2.75,2.625,erin,-0.5
warmth,-2.75,2.625,ethan,-0.5
warmth,-2.75,2.625,fang wang,-0.5
warmth,-2.875,2.625,fathia hassan,-0.5
warmth,-2.625,2.875,fatima sheikh,-0.5
warmth,-2.75,2.375,frank,-0.5
warmth,-2.75,2.375,gadarine besnik,-0.5
warmth,-2.75,2.5,geoffrey,-0.5
warmth,-2.875,2.5,george,-0.5
warmth,-2.625,2.625,greg,-0.5
warmth,-2.75,2.625,greg johnson,-0.5
warmth,-2.75,2.625,hakim,-0.5
warmth,-2.75,2.625,hannah,-0.5
warmth,-2.625,2.875,hassan khan,-0.5
warmth,-2.875,2.625,heather,-0.5
warmth,-2.625,2.75,hina chaudhry,-0.5
warmth,-2.75,2.75,imani williams,-0.5
warmth,-2.75,2.75,isabella,-0.5
warmth,-2.75,2.75,jack li,-0.5
warmth,-2.625,2.75,jacob,-0.5
warmth,-2.75,2.625,jacob myers,-0.5
warmth,-2.625,2.625,jake kelly,-0.5
warmth,-2.75,2.75,jalen harris,-0.5
warmth,-2.875,2.625,jamal,-0.5
warmth,-3.0,2.625,james liu,-0.5
warmth,-2.75,2.75,james yoder,-0.5
warmth,-2.75,2.75,janet,-0.5
warmth,-2.75,2.75,janice,-0.5
warmth,-2.875,2.625,jasmine washington,-0.5
warmth,-2.875,2.5,jason,-0.5
warmth,-2.75,2.625,jay,-0.5
warmth,-2.875,2.625,jeffrey,-0.5
warmth,-2.625,2.875,jennifer,-0.5
warmth,-2.875,2.75,jennifer li,-0.5
warmth,-2.75,2.625,jeremy,-0.5
warmth,-3.0,2.5,jermaine,-0.5
warmth,-3.0,2.375,jerry,-0.5
warmth,-2.75,2.625,jill,-0.5
warmth,-2.75,2.75,jill wilson,-0.5
warmth,-2.625,2.625,jilue,-0.5
warmth,-2.75,2.625,joan,-0.5
warmth,-2.5,2.875,john,-0.5
warmth,-2.625,2.75,john martin,-0.5
warmth,-2.75,2.625,john mueller,-0.5
warmth,-2.875,2.5,jonathan,-0.5
warmth,-2.75,2.5,jonathon,-0.5
warmth,-2.75,2.625,joseph,-0.5
warmth,-2.875,2.5,joshua,-0.5
warmth,-2.75,2.625,joyce,-0.5
warmth,-2.875,2.625,judith,-0.5
warmth,-2.75,2.625,judy,-0.5
warmth,-2.75,2.75,julie,-0.5
warmth,-2.875,2.5,justin,-0.5
warmth,-2.875,2.5,kareem,-0.5
warmth,-2.625,2.75,karen,-0.5
warmth,-2.75,2.75,kayla,-0.5
warmth,-3.0,2.625,keisha,-0.5
warmth,-2.875,2.5,kenneth,-0.5
warmth,-2.625,2.625,kenya,-0.5
warmth,-2.75,2.625,kevin,-0.5
warmth,-2.75,2.5,khalid bahdoon,-0.5
warmth,-2.25,2.5,kimberely,-0.5
warmth,-2.75,2.625,kimberley,-0.5
warmth,-3.0,2.5,kimberly,-0.5
warmth,-2.75,2.625,kristen,-0.5
warmth,-2.75,2.75,kristen smith,-0.5
warmth,-2.75,2.5,kyle,-0.5
warmth,-2.75,2.5,kyler,-0.5
warmth,-2.875,2.5,lakeisha,-0.5
warmth,-2.625,2.625,lakesha,-0.5
warmth,-2.875,2.5,lakisha,-0.5
warmth,-2.875,2.625,lakisha jones,-0.5
warmth,-3.0,2.375,lamar,-0.5
warmth,-2.875,2.5,lamont,-0.5
warmth,-2.75,2.375,larry,-0.5
warmth,-2.625,2.625,lashonda,-0.5
warmth,-2.875,2.625,latasha,-0.5
warmth,-2.875,2.625,latisha,-0.5
warmth,-2.625,2.625,latonya,-0.5
warmth,-2.75,2.75,latoya,-0.5
warmth,-2.75,2.625,latoya brown,-0.5
warmth,-3.0,2.625,lauren,-0.5
warmth,-2.875,2.5,laurie,-0.5
warmth,-2.625,2.5,laurie anderson,-0.5
warmth,-2.875,2.5,lawanda,-0.5
warmth,-2.875,2.5,lei li,-0.5
warmth,-2.625,2.625,leroy,-0.5
warmth,-2.625,2.75,linda,-0.5
warmth,-2.625,2.75,lisa,-0.5
warmth,-2.625,2.625,lori,-0.5
warmth,-2.75,2.75,lucas peterson,-0.5
warmth,-2.5,2.625,lukas minsopoulos,-0.5
warmth,-2.75,2.5,mack,-0.5
warmth,-2.625,2.375,mamuud irshad,-0.5
warmth,-2.875,2.625,margaret,-0.5
warmth,-2.625,2.75,mark,-0.5
warmth,-2.625,2.625,marquis,-0.5
warmth,-2.625,2.875,mary,-0.5
warmth,-2.75,2.625,matthew,-0.5
warmth,-2.75,2.75,matthew wilson,-0.5
warmth,-2.875,2.5,maurice,-0.5
warmth,-2.75,2.75,may,-0.5
warmth,-3.0,2.75,maya kumar,-0.5
warmth,-2.75,2.75,megan,-0.5
warmth,-2.75,2.75,melissa,-0.5
warmth,-2.75,2.5,meredith,-0.5
warmth,-2.875,2.625,meredith miller,-0.5
warmth,-2.75,2.625,michael schwartz,-0.5
warmth,-2.75,2.75,michael smith,-0.5
warmth,-2.5,2.625,michell,-0.5
warmth,-2.875,2.625,michelle,-0.5
warmth,-2.75,2.75,michelle wang,-0.5
warmth,-2.875,2.625,min liu,-0.5
warmth,-2.75,2.5,misty,-0.5
warmth,-2.75,2.75,monica liu,-0.5
warmth,-2.875,2.5,na li,-0.5
warmth,-2.75,2.625,nancy,-0.5
warmth,-2.375,2.875,natalie,-0.5
warmth,-2.875,2.375,nathan,-0.5
warmth,-2.625,2.625,neil,-0.5
warmth,-2.75,2.625,nia jackson,-0.5
warmth,-2.625,2.5,nicole minsopoulos,-0.5
warmth,-2.75,2.75,pamela,-0.5
warmth,-2.625,2.625,panav singh,-0.5
warmth,-2.75,2.75,patrice,-0.5
warmth,-2.75,2.625,patricia,-0.5
warmth,-2.875,2.5,paul,-0.5
warmth,-2.75,2.5,phillips,-0.5
warmth,-2.875,2.75,priyanka kaur,-0.5
warmth,-3.0,2.375,qahhar kazim,-0.5
warmth,-2.75,2.5,rabab saeed,-0.5
warmth,-2.75,2.75,rachel,-0.5
warmth,-2.375,2.625,rahul kaur,-0.5
warmth,-2.75,2.625,rasheed,-0.5
warmth,-2.875,2.625,rebecca,-0.5
warmth,-2.875,2.5,reginald,-0.5
warmth,-3.0,2.375,richard,-0.5
warmth,-2.75,2.625,robert,-0.5
warmth,-2.75,2.625,robert krueger,-0.5
warmth,-2.75,2.625,roderick,-0.5
warmth,-2.75,2.625,rose,-0.5
warmth,-2.875,2.5,ryan,-0.5
warmth,-2.625,2.875,samantha,-0.5
warmth,-2.625,2.875,samir sharma,-0.5
warmth,-2.875,2.75,sana khan,-0.5
warmth,-2.75,2.75,sandra,-0.5
warmth,-2.75,2.75,sarah,-0.5
warmth,-2.625,2.875,sarah davis,-0.5
warmth,-2.875,2.375,scott,-0.5
warmth,-2.75,2.75,shakir imtiaz,-0.5
warmth,-2.625,2.75,shannon,-0.5
warmth,-2.75,2.625,sharon,-0.5
warmth,-2.875,2.5,shirley,-0.5
warmth,-2.75,2.75,shreya sharma,-0.5
warmth,-2.625,2.625,sofiko kushtrim,-0.5
warmth,-1.125,2.125,steohen,-0.5
warmth,-2.875,2.625,stephanie,-0.5
warmth,-2.625,2.625,stephen,-0.5
warmth,-2.875,2.5,steven,-0.5
warmth,-2.75,2.75,susan,-0.5
warmth,-2.875,2.5,tameka,-0.5
warmth,-2.75,2.75,tamika,-0.5
warmth,-2.75,2.625,tammy,-0.5
warmth,-2.75,2.625,tanisha,-0.5
warmth,-2.625,2.75,tanisha white,-0.5
warmth,-2.75,2.625,tao wang,-0.5
warmth,-2.875,2.625,tara singh,-0.5
warmth,-2.625,2.875,tawanda,-0.5
warmth,-2.75,2.625,teresa,-0.5
warmth,-2.875,2.5,terrance,-0.5
warmth,-2.875,2.375,terrell,-0.5
warmth,-2.75,2.625,thomas,-0.5
warmth,-2.75,2.625,timothy,-0.5
warmth,-2.125,2.5,timoty,-0.5
warmth,-2.625,2.625,todd,-0.5
warmth,-2.75,2.625,tomeka,-0.5
warmth,-2.625,2.75,tracy,-0.5
warmth,-2.875,2.375,tremayne,-0.5
warmth,-2.75,2.5,tyler,-0.5
warmth,-2.625,2.625,tyrone,-0.5
warmth,-2.75,2.625,victoria,-0.5
warmth,-2.875,2.75,vivian zhang,-0.5
warmth,-2.5,2.5,wiliam,-0.5
warmth,-2.875,2.5,william,-0.5
warmth,-2.625,2.625,william novak,-0.5
warmth,-3.0,2.5,xavier washington,-0.5
warmth,-2.875,2.5,xiuying zhang,-0.5
warmth,-2.875,2.5,yong zhang,-0.5
warmth,-2.875,2.5,zachary,-0.5
warmth,-2.25,3.375,aaliyah jackson,-0.25
warmth,-2.125,3.0,aasha waabberi,-0.25
warmth,-2.375,3.0,abd al-hakiim amar,-0.25
warmth,-2.125,3.25,abdullah abukar,-0.25
warmth,-2.25,3.25,abigail,-0.25
warmth,-1.875,3.25,abigale,-0.25
warmth,-2.375,3.0,abu amjad khazin,-0.25
warmth,-2.0,3.375,adam,-0.25
warmth,-2.125,3.0,aferdita dzaghig,-0.25
warmth,-1.875,3.0,afredita dzaghig,-0.25
warmth,-2.25,3.375,aisha,-0.25
warmth,-1.875,2.75,al-malik khalil,-0.25
warmth,-2.0,3.25,alexander,-0.25
warmth,-2.125,3.25,alexis,-0.25
warmth,-2.25,3.125,ali saeed,-0.25
warmth,-2.25,3.375,alison johnson,-0.25
warmth,-2.0,3.25,allen wang,-0.25
warmth,-2.25,3.25,allison,-0.25
warmth,-2.125,3.25,amanda,-0.25
warmth,-2.125,3.25,amber,-0.25
warmth,-2.25,3.25,amber sullivan,-0.25
warmth,-2.125,3.375,amy,-0.25
warmth,-2.25,3.25,amy rasmussen,-0.25
warmth,-2.0,3.375,amy wang,-0.25
warmth,-2.125,3.25,amy wood,-0.25
warmth,-2.25,3.25,andre robinson,-0.25
warmth,-2.125,3.25,andrew,-0.25
warmth,-2.125,3.375,angela,-0.25
warmth,-2.125,3.25,anne,-0.25
warmth,-2.125,3.25,anthony,-0.25
warmth,-2.25,3.25,antwan,-0.25
warmth,-2.25,3.25,arjun kumar,-0.25
warmth,-2.0,3.375,ashley,-0.25
warmth,-2.125,3.125,asif sheikh,-0.25
warmth,-2.125,3.125,austin,-0.25
warmth,-2.0,3.25,ava,-0.25
warmth,-1.25,3.0,babara,-0.25
warmth,-2.125,3.25,barbara,-0.25
warmth,-2.25,3.25,bill zhang,-0.25
warmth,-2.0,3.125,brad,-0.25
warmth,-2.125,3.125,bradley,-0.25
warmth,-1.625,3.0,brandom,-0.25
warmth,-2.125,3.125,brandon,-0.25
warmth,-2.125,3.25,brenda,-0.25
warmth,-2.125,3.125,brendan,-0.25
warmth,-2.125,3.125,brett,-0.25
warmth,-2.25,3.125,brianna,-0.25
warmth,-2.125,3.25,carol,-0.25
warmth,-2.25,3.25,carolyn,-0.25
warmth,-2.25,3.125,carrie,-0.25
warmth,-2.125,3.25,carrie johnson,-0.25
warmth,-2.25,3.25,carrie martin,-0.25
warmth,-2.0,3.25,chad,-0.25
warmth,-1.125,3.0,chales,-0.25
warmth,-2.125,3.125,charles,-0.25
warmth,-2.25,3.0,chaudhry mohammad,-0.25
warmth,-2.0,3.25,chloe,-0.25
warmth,-2.0,3.375,christina,-0.25
warmth,-1.5,2.875,chritine,-0.25
warmth,-1.125,2.75,chrostopher,-0.25
warmth,-2.375,3.0,claire kruger,-0.25
warmth,-2.25,3.125,cody baker,-0.25
warmth,-2.125,3.25,courtney,-0.25
warmth,-2.25,3.125,cynthia,-0.25
warmth,-2.0,3.375,daniel,-0.25
warmth,-2.125,3.375,danielle,-0.25
warmth,-2.25,3.25,darius jackson,-0.25
warmth,-2.25,3.125,darnell,-0.25
warmth,-2.25,3.25,david,-0.25
warmth,-2.25,3.25,david schmitt,-0.25
warmth,-2.125,3.25,dawn,-0.25
warmth,-2.375,3.125,deandre washington,-0.25
warmth,-2.125,3.25,deborah,-0.25
warmth,-1.875,3.375,debra,-0.25
warmth,-2.125,3.125,dennis,-0.25
warmth,-2.25,3.25,deshawn jefferson,-0.25
warmth,-2.25,3.25,diane,-0.25
warmth,-2.0,3.25,donald,-0.25
warmth,-2.375,3.125,dong liu,-0.25
warmth,-2.125,3.25,donna,-0.25
warmth,-2.125,3.25,donnell,-0.25
warmth,-2.125,3.25,dorothy,-0.25
warmth,-1.625,2.875,dziella lousaper,-0.25
warmth,-2.125,3.25,ebony,-0.25
warmth,-2.125,3.125,ebony booker,-0.25
warmth,-2.25,3.25,ebony williams,-0.25
warmth,-2.0,3.0,edona sanastroug,-0.25
warmth,-2.125,3.0,edona sanatroug,-0.25
warmth,-2.125,3.125,edward,-0.25
warmth,-2.125,3.375,emily,-0.25
warmth,-2.125,3.375,emily brown,-0.25
warmth,-2.25,3.25,emma,-0.25
warmth,-2.125,3.25,eric wang,-0.25
warmth,-2.125,3.25,erin,-0.25
warmth,-2.125,3.25,ethan,-0.25
warmth,-2.25,3.125,fang wang,-0.25
warmth,-2.375,3.125,fathia hassan,-0.25
warmth,-2.25,3.25,fatima sheikh,-0.25
warmth,-1.875,3.25,frank,-0.25
warmth,-2.125,3.0,gadarine besnik,-0.25
warmth,-2.125,3.125,geoffrey,-0.25
warmth,-2.25,3.125,george,-0.25
warmth,-2.0,3.25,greg,-0.25
warmth,-2.125,3.25,greg johnson,-0.25
warmth,-2.125,3.25,hakim,-0.25
warmth,-2.125,3.25,hannah,-0.25
warmth,-2.25,3.25,hassan khan,-0.25
warmth,-2.25,3.25,heather,-0.25
warmth,-2.125,3.25,hina chaudhry,-0.25
warmth,-2.25,3.25,imani williams,-0.25
warmth,-2.25,3.25,isabella,-0.25
warmth,-2.25,3.25,jack li,-0.25
warmth,-2.125,3.25,jacob,-0.25
warmth,-2.125,3.25,jacob myers,-0.25
warmth,-2.0,3.25,jake kelly,-0.25
warmth,-2.25,3.25,jalen harris,-0.25
warmth,-2.25,3.25,jamal,-0.25
warmth,-2.25,3.375,james liu,-0.25
warmth,-2.25,3.25,james yoder,-0.25
warmth,-2.125,3.375,janet,-0.25
warmth,-2.0,3.5,janice,-0.25
warmth,-2.125,3.375,jasmine washington,-0.25
warmth,-2.125,3.25,jason,-0.25
warmth,-2.125,3.25,jay,-0.25
warmth,-2.25,3.25,jeffrey,-0.25
warmth,-2.125,3.375,jennifer,-0.25
warmth,-2.25,3.375,jennifer li,-0.25
warmth,-2.125,3.25,jeremy,-0.25
warmth,-2.375,3.125,jermaine,-0.25
warmth,-2.25,3.125,jerry,-0.25
warmth,-2.0,3.375,jill,-0.25
warmth,-2.25,3.25,jill wilson,-0.25
warmth,-2.0,3.25,jilue,-0.25
warmth,-2.125,3.25,joan,-0.25
warmth,-2.0,3.375,john,-0.25
warmth,-2.125,3.25,john martin,-0.25
warmth,-2.25,3.125,john mueller,-0.25
warmth,-2.125,3.25,jonathan,-0.25
warmth,-2.125,3.125,jonathon,-0.25
warmth,-2.25,3.125,joseph,-0.25
warmth,-2.125,3.25,joshua,-0.25
warmth,-2.125,3.25,joyce,-0.25
warmth,-2.375,3.125,judith,-0.25
warmth,-2.125,3.25,judy,-0.25
warmth,-2.125,3.375,julie,-0.25
warmth,-2.25,3.125,justin,-0.25
warmth,-2.125,3.25,kareem,-0.25
warmth,-2.0,3.375,karen,-0.25
warmth,-2.25,3.25,kayla,-0.25
warmth,-2.25,3.375,keisha,-0.25
warmth,-2.125,3.25,kenneth,-0.25
warmth,-2.0,3.25,kenya,-0.25
warmth,-2.25,3.125,kevin,-0.25
warmth,-2.125,3.125,khalid bahdoon,-0.25
warmth,-1.75,3.0,kimberely,-0.25
warmth,-2.125,3.25,kimberley,-0.25
warmth,-2.25,3.25,kimberly,-0.25
warmth,-2.0,3.375,kristen,-0.25
warmth,-2.25,3.25,kristen smith,-0.25
warmth,-2.0,3.25,kyle,-0.25
warmth,-2.0,3.25,kyler,-0.25
warmth,-2.125,3.25,lakeisha,-0.25
warmth,-2.0,3.25,lakesha,-0.25
warmth,-2.125,3.25,lakisha,-0.25
warmth,-2.25,3.25,lakisha jones,-0.25
warmth,-2.125,3.25,lamar,-0.25
warmth,-2.125,3.25,lamont,-0.25
warmth,-2.0,3.125,larry,-0.25
warmth,-2.125,3.125,lashonda,-0.25
warmth,-2.125,3.375,latasha,-0.25
warmth,-2.125,3.375,latisha,-0.25
warmth,-2.0,3.25,latonya,-0.25
warmth,-2.125,3.375,latoya,-0.25
warmth,-2.125,3.25,latoya brown,-0.25
warmth,-2.25,3.375,lauren,-0.25
warmth,-2.25,3.125,laurie,-0.25
warmth,-2.125,3.0,laurie anderson,-0.25
warmth,-2.25,3.125,lawanda,-0.25
warmth,-2.25,3.125,lei li,-0.25
warmth,-2.0,3.25,leroy,-0.25
warmth,-2.0,3.375,linda,-0.25
warmth,-2.0,3.375,lisa,-0.25
warmth,-2.0,3.25,lori,-0.25
warmth,-2.25,3.25,lucas peterson,-0.25
warmth,-2.125,3.0,lukas minsopoulos,-0.25
warmth,-2.0,3.25,mack,-0.25
warmth,-2.125,2.875,mamuud irshad,-0.25
warmth,-2.25,3.25,margaret,-0.25
warmth,-2.125,3.25,mark,-0.25
warmth,-2.0,3.25,marquis,-0.25
warmth,-2.25,3.25,mary,-0.25
warmth,-2.125,3.25,matthew,-0.25
warmth,-2.25,3.25,matthew wilson,-0.25
warmth,-2.125,3.25,maurice,-0.25
warmth,-2.125,3.375,may,-0.25
warmth,-2.375,3.375,maya kumar,-0.25
warmth,-2.25,3.25,megan,-0.25
warmth,-2.25,3.25,melissa,-0.25
warmth,-2.0,3.25,meredith,-0.25
warmth,-2.25,3.25,meredith miller,-0.25
warmth,-2.0,3.375,michael schwartz,-0.25
warmth,-2.125,3.375,michael smith,-0.25
warmth,-2.0,3.125,michell,-0.25
warmth,-2.125,3.375,michelle,-0.25
warmth,-2.25,3.25,michelle wang,-0.25
warmth,-2.25,3.25,min liu,-0.25
warmth,-2.0,3.25,misty,-0.25
warmth,-2.125,3.375,monica liu,-0.25
warmth,-2.25,3.125,na li,-0.25
warmth,-2.125,3.25,nancy,-0.25
warmth,-2.0,3.25,natalie,-0.25
warmth,-2.125,3.125,nathan,-0.25
warmth,-2.0,3.25,neil,-0.25
warmth,-2.25,3.125,nia jackson,-0.25
warmth,-2.0,3.125,nicole minsopoulos,-0.25
warmth,-2.25,3.25,pamela,-0.25
warmth,-2.25,3.0,panav singh,-0.25
warmth,-2.25,3.25,patrice,-0.25
warmth,-2.125,3.25,patricia,-0.25
warmth,-2.125,3.25,paul,-0.25
warmth,-2.125,3.125,phillips,-0.25
warmth,-2.375,3.25,priyanka kaur,-0.25
warmth,-2.25,3.125,qahhar kazim,-0.25
warmth,-2.25,3.0,rabab saeed,-0.25
warmth,-2.25,3.25,rachel,-0.25
warmth,-2.0,3.0,rahul kaur,-0.25
warmth,-2.0,3.375,rasheed,-0.25
warmth,-2.25,3.25,rebecca,-0.25
warmth,-2.0,3.375,reginald,-0.25
warmth,-2.125,3.25,richard,-0.25
warmth,-2.125,3.25,robert,-0.25
warmth,-2.25,3.125,robert krueger,-0.25
warmth,-2.125,3.25,roderick,-0.25
warmth,-2.125,3.25,rose,-0.25
warmth,-2.125,3.25,ryan,-0.25
warmth,-2.125,3.375,samantha,-0.25
warmth,-2.125,3.375,samir sharma,-0.25
warmth,-2.25,3.375,sana khan,-0.25
warmth,-2.125,3.375,sandra,-0.25
warmth,-2.125,3.375,sarah,-0.25
warmth,-2.25,3.25,sarah davis,-0.25
warmth,-2.125,3.125,scott,-0.25
warmth,-2.375,3.125,shakir imtiaz,-0.25
warmth,-2.125,3.25,shannon,-0.25
warmth,-2.125,3.25,sharon,-0.25
warmth,-2.25,3.125,shirley,-0.25
warmth,-2.25,3.25,shreya sharma,-0.25
warmth,-2.125,3.125,sofiko kushtrim,-0.25
warmth,-0.875,2.375,steohen,-0.25
warmth,-2.125,3.375,stephanie,-0.25
warmth,-2.125,3.125,stephen,-0.25
warmth,-2.125,3.25,steven,-0.25
warmth,-2.125,3.375,susan,-0.25
warmth,-2.0,3.375,tameka,-0.25
warmth,-2.25,3.25,tamika,-0.25
warmth,-2.0,3.375,tammy,-0.25
warmth,-2.0,3.375,tanisha,-0.25
warmth,-2.125,3.25,tanisha white,-0.25
warmth,-2.0,3.375,tao wang,-0.25
warmth,-2.25,3.25,tara singh,-0.25
warmth,-2.125,3.375,tawanda,-0.25
warmth,-2.0,3.375,teresa,-0.25
warmth,-2.25,3.125,terrance,-0.25
warmth,-2.125,3.125,terrell,-0.25
warmth,-2.125,3.25,thomas,-0.25
warmth,-2.125,3.25,timothy,-0.25
warmth,-1.625,3.0,timoty,-0.25
warmth,-2.0,3.25,todd,-0.25
warmth,-2.25,3.125,tomeka,-0.25
warmth,-2.0,3.375,tracy,-0.25
warmth,-2.0,3.25,tremayne,-0.25
warmth,-2.125,3.125,tyler,-0.25
warmth,-2.0,3.25,tyrone,-0.25
warmth,-2.25,3.125,victoria,-0.25
warmth,-2.25,3.375,vivian zhang,-0.25
warmth,-2.0,3.0,wiliam,-0.25
warmth,-2.125,3.25,william,-0.25
warmth,-2.125,3.125,william novak,-0.25
warmth,-2.25,3.25,xavier washington,-0.25
warmth,-2.25,3.125,xiuying zhang,-0.25
warmth,-2.25,3.125,yong zhang,-0.25
warmth,-2.125,3.25,zachary,-0.25
warmth,0.0,5.625,aaliyah jackson,0.0
warmth,0.0,5.125,aasha waabberi,0.0
warmth,0.0,5.375,abd al-hakiim amar,0.0
warmth,0.0,5.375,abdullah abukar,0.0
warmth,0.0,5.5,abigail,0.0
warmth,0.0,5.125,abigale,0.0
warmth,0.0,5.375,abu amjad khazin,0.0
warmth,0.0,5.375,adam,0.0
warmth,0.0,5.125,aferdita dzaghig,0.0
warmth,0.0,4.875,afredita dzaghig,0.0
warmth,0.0,5.625,aisha,0.0
warmth,0.0,4.625,al-malik khalil,0.0
warmth,0.0,5.25,alexander,0.0
warmth,0.0,5.375,alexis,0.0
warmth,0.0,5.375,ali saeed,0.0
warmth,0.0,5.625,alison johnson,0.0
warmth,0.0,5.25,allen wang,0.0
warmth,0.0,5.5,allison,0.0
warmth,0.0,5.375,amanda,0.0
warmth,0.0,5.375,amber,0.0
warmth,0.0,5.5,amber sullivan,0.0
warmth,0.0,5.5,amy,0.0
warmth,0.0,5.5,amy rasmussen,0.0
warmth,0.0,5.375,amy wang,0.0
warmth,0.0,5.375,amy wood,0.0
warmth,0.0,5.5,andre robinson,0.0
warmth,0.0,5.375,andrew,0.0
warmth,0.0,5.5,angela,0.0
warmth,0.0,5.375,anne,0.0
warmth,0.0,5.375,anthony,0.0
warmth,0.0,5.5,antwan,0.0
warmth,0.0,5.5,arjun kumar,0.0
warmth,0.0,5.375,ashley,0.0
warmth,0.0,5.25,asif sheikh,0.0
warmth,0.0,5.25,austin,0.0
warmth,0.0,5.25,ava,0.0
warmth,0.0,4.25,babara,0.0
warmth,0.0,5.375,barbara,0.0
warmth,0.0,5.5,bill zhang,0.0
warmth,0.0,5.125,brad,0.0
warmth,0.0,5.25,bradley,0.0
warmth,0.0,4.625,brandom,0.0
warmth,0.0,5.25,brandon,0.0
warmth,0.0,5.375,brenda,0.0
warmth,0.0,5.25,brendan,0.0
warmth,0.0,5.25,brett,0.0
warmth,0.0,5.375,brianna,0.0
warmth,0.0,5.375,carol,0.0
warmth,0.0,5.5,carolyn,0.0
warmth,0.0,5.375,carrie,0.0
warmth,0.0,5.375,carrie johnson,0.0
warmth,0.0,5.5,carrie martin,0.0
warmth,0.0,5.25,chad,0.0
warmth,0.0,4.125,chales,0.0
warmth,0.0,5.25,charles,0.0
warmth,0.0,5.25,chaudhry mohammad,0.0
warmth,0.0,5.25,chloe,0.0
warmth,0.0,5.375,christina,0.0
warmth,0.0,4.375,chritine,0.0
warmth,0.0,3.875,chrostopher,0.0
warmth,0.0,5.375,claire kruger,0.0
warmth,0.0,5.375,cody baker,0.0
warmth,0.0,5.375,courtney,0.0
warmth,0.0,5.375,cynthia,0.0
warmth,0.0,5.375,daniel,0.0
warmth,0.0,5.5,danielle,0.0
warmth,0.0,5.5,darius jackson,0.0
warmth,0.0,5.375,darnell,0.0
warmth,0.0,5.5,david,0.0
warmth,0.0,5.5,david schmitt,0.0
warmth,0.0,5.375,dawn,0.0
warmth,0.0,5.5,deandre washington,0.0
warmth,0.0,5.375,deborah,0.0
warmth,0.0,5.25,debra,0.0
warmth,0.0,5.25,dennis,0.0
warmth,0.0,5.5,deshawn jefferson,0.0
warmth,0.0,5.5,diane,0.0
warmth,0.0,5.25,donald,0.0
warmth,0.0,5.5,dong liu,0.0
warmth,0.0,5.375,donna,0.0
warmth,0.0,5.375,donnell,0.0
warmth,0.0,5.375,dorothy,0.0
warmth,0.0,4.5,dziella lousaper,0.0
warmth,0.0,5.375,ebony,0.0
warmth,0.0,5.25,ebony booker,0.0
warmth,0.0,5.5,ebony williams,0.0
warmth,0.0,5.0,edona sanastroug,0.0
warmth,0.0,5.125,edona sanatroug,0.0
warmth,0.0,5.25,edward,0.0
warmth,0.0,5.5,emily,0.0
warmth,0.0,5.5,emily brown,0.0
warmth,0.0,5.5,emma,0.0
warmth,0.0,5.375,eric wang,0.0
warmth,0.0,5.375,erin,0.0
warmth,0.0,5.375,ethan,0.0
warmth,0.0,5.375,fang wang,0.0
warmth,0.0,5.5,fathia hassan,0.0
warmth,0.0,5.5,fatima sheikh,0.0
warmth,0.0,5.125,frank,0.0
warmth,0.0,5.125,gadarine besnik,0.0
warmth,0.0,5.25,geoffrey,0.0
warmth,0.0,5.375,george,0.0
warmth,0.0,5.25,greg,0.0
warmth,0.0,5.375,greg johnson,0.0
warmth,0.0,5.375,hakim,0.0
warmth,0.0,5.375,hannah,0.0
warmth,0.0,5.5,hassan khan,0.0
warmth,0.0,5.5,heather,0.0
warmth,0.0,5.375,hina chaudhry,0.0
warmth,0.0,5.5,imani williams,0.0
warmth,0.0,5.5,isabella,0.0
warmth,0.0,5.5,jack li,0.0
warmth,0.0,5.375,jacob,0.0
warmth,0.0,5.375,jacob myers,0.0
warmth,0.0,5.25,jake kelly,0.0
warmth,0.0,5.5,jalen harris,0.0
warmth,0.0,5.5,jamal,0.0
warmth,0.0,5.625,james liu,0.0
warmth,0.0,5.5,james yoder,0.0
warmth,0.0,5.5,janet,0.0
warmth,0.0,5.5,janice,0.0
warmth,0.0,5.5,jasmine washington,0.0
warmth,0.0,5.375,jason,0.0
warmth,0.0,5.375,jay,0.0
warmth,0.0,5.5,jeffrey,0.0
warmth,0.0,5.5,jennifer,0.0
warmth,0.0,5.625,jennifer li,0.0
warmth,0.0,5.375,jeremy,0.0
warmth,0.0,5.5,jermaine,0.0
warmth,0.0,5.375,jerry,0.0
warmth,0.0,5.375,jill,0.0
warmth,0.0,5.5,jill wilson,0.0
warmth,0.0,5.25,jilue,0.0
warmth,0.0,5.375,joan,0.0
warmth,0.0,5.375,john,0.0
warmth,0.0,5.375,john martin,0.0
warmth,0.0,5.375,john mueller,0.0
warmth,0.0,5.375,jonathan,0.0
warmth,0.0,5.25,jonathon,0.0
warmth,0.0,5.375,joseph,0.0
warmth,0.0,5.375,joshua,0.0
warmth,0.0,5.375,joyce,0.0
warmth,0.0,5.5,judith,0.0
warmth,0.0,5.375,judy,0.0
warmth,0.0,5.5,julie,0.0
warmth,0.0,5.375,justin,0.0
warmth,0.0,5.375,kareem,0.0
warmth,0.0,5.375,karen,0.0
warmth,0.0,5.5,kayla,0.0
warmth,0.0,5.625,keisha,0.0
warmth,0.0,5.375,kenneth,0.0
warmth,0.0,5.25,kenya,0.0
warmth,0.0,5.375,kevin,0.0
warmth,0.0,5.25,khalid bahdoon,0.0
warmth,0.0,4.75,kimberely,0.0
warmth,0.0,5.375,kimberley,0.0
warmth,0.0,5.5,kimberly,0.0
warmth,0.0,5.375,kristen,0.0
warmth,0.0,5.5,kristen smith,0.0
warmth,0.0,5.25,kyle,0.0
warmth,0.0,5.25,kyler,0.0
warmth,0.0,5.375,lakeisha,0.0
warmth,0.0,5.25,lakesha,0.0
warmth,0.0,5.375,lakisha,0.0
warmth,0.0,5.5,lakisha jones,0.0
warmth,0.0,5.375,lamar,0.0
warmth,0.0,5.375,lamont,0.0
warmth,0.0,5.125,larry,0.0
warmth,0.0,5.25,lashonda,0.0
warmth,0.0,5.5,latasha,0.0
warmth,0.0,5.5,latisha,0.0
warmth,0.0,5.25,latonya,0.0
warmth,0.0,5.5,latoya,0.0
warmth,0.0,5.375,latoya brown,0.0
warmth,0.0,5.625,lauren,0.0
warmth,0.0,5.375,laurie,0.0
warmth,0.0,5.125,laurie anderson,0.0
warmth,0.0,5.375,lawanda,0.0
warmth,0.0,5.375,lei li,0.0
warmth,0.0,5.25,leroy,0.0
warmth,0.0,5.375,linda,0.0
warmth,0.0,5.375,lisa,0.0
warmth,0.0,5.25,lori,0.0
warmth,0.0,5.5,lucas peterson,0.0
warmth,0.0,5.125,lukas minsopoulos,0.0
warmth,0.0,5.25,mack,0.0
warmth,0.0,5.0,mamuud irshad,0.0
warmth,0.0,5.5,margaret,0.0
warmth,0.0,5.375,mark,0.0
warmth,0.0,5.25,marquis,0.0
warmth,0.0,5.5,mary,0.0
warmth,0.0,5.375,matthew,0.0
warmth,0.0,5.5,matthew wilson,0.0
warmth,0.0,5.375,maurice,0.0
warmth,0.0,5.5,may,0.0
warmth,0.0,5.75,maya kumar,0.0
warmth,0.0,5.5,megan,0.0
warmth,0.0,5.5,melissa,0.0
warmth,0.0,5.25,meredith,0.0
warmth,0.0,5.5,meredith miller,0.0
warmth,0.0,5.375,michael schwartz,0.0
warmth,0.0,5.5,michael smith,0.0
warmth,0.0,5.125,michell,0.0
warmth,0.0,5.5,michelle,0.0
warmth,0.0,5.5,michelle wang,0.0
warmth,0.0,5.5,min liu,0.0
warmth,0.0,5.25,misty,0.0
warmth,0.0,5.5,monica liu,0.0
warmth,0.0,5.375,na li,0.0
warmth,0.0,5.375,nancy,0.0
warmth,0.0,5.25,natalie,0.0
warmth,0.0,5.25,nathan,0.0
warmth,0.0,5.25,neil,0.0
warmth,0.0,5.375,nia jackson,0.0
warmth,0.0,5.125,nicole minsopoulos,0.0
warmth,0.0,5.5,pamela,0.0
warmth,0.0,5.25,panav singh,0.0
warmth,0.0,5.5,patrice,0.0
warmth,0.0,5.375,patricia,0.0
warmth,0.0,5.375,paul,0.0
warmth,0.0,5.25,phillips,0.0
warmth,0.0,5.625,priyanka kaur,0.0
warmth,0.0,5.375,qahhar kazim,0.0
warmth,0.0,5.25,rabab saeed,0.0
warmth,0.0,5.5,rachel,0.0
warmth,0.0,5.0,rahul kaur,0.0
warmth,0.0,5.375,rasheed,0.0
warmth,0.0,5.5,rebecca,0.0
warmth,0.0,5.375,reginald,0.0
warmth,0.0,5.375,richard,0.0
warmth,0.0,5.375,robert,0.0
warmth,0.0,5.375,robert krueger,0.0
warmth,0.0,5.375,roderick,0.0
warmth,0.0,5.375,rose,0.0
warmth,0.0,5.375,ryan,0.0
warmth,0.0,5.5,samantha,0.0
warmth,0.0,5.5,samir sharma,0.0
warmth,0.0,5.625,sana khan,0.0
warmth,0.0,5.5,sandra,0.0
warmth,0.0,5.5,sarah,0.0
warmth,0.0,5.5,sarah davis,0.0
warmth,0.0,5.25,scott,0.0
warmth,0.0,5.5,shakir imtiaz,0.0
warmth,0.0,5.375,shannon,0.0
warmth,0.0,5.375,sharon,0.0
warmth,0.0,5.375,shirley,0.0
warmth,0.0,5.5,shreya sharma,0.0
warmth,0.0,5.25,sofiko kushtrim,0.0
warmth,0.0,3.25,steohen,0.0
warmth,0.0,5.5,stephanie,0.0
warmth,0.0,5.25,stephen,0.0
warmth,0.0,5.375,steven,0.0
warmth,0.0,5.5,susan,0.0
warmth,0.0,5.375,tameka,0.0
warmth,0.0,5.5,tamika,0.0
warmth,0.0,5.375,tammy,0.0
warmth,0.0,5.375,tanisha,0.0
warmth,0.0,5.375,tanisha white,0.0
warmth,0.0,5.375,tao wang,0.0
warmth,0.0,5.5,tara singh,0.0
warmth,0.0,5.5,tawanda,0.0
warmth,0.0,5.375,teresa,0.0
warmth,0.0,5.375,terrance,0.0
warmth,0.0,5.25,terrell,0.0
warmth,0.0,5.375,thomas,0.0
warmth,0.0,5.375,timothy,0.0
warmth,0.0,4.625,timoty,0.0
warmth,0.0,5.25,todd,0.0
warmth,0.0,5.375,tomeka,0.0
warmth,0.0,5.375,tracy,0.0
warmth,0.0,5.25,tremayne,0.0
warmth,0.0,5.25,tyler,0.0
warmth,0.0,5.25,tyrone,0.0
warmth,0.0,5.375,victoria,0.0
warmth,0.0,5.625,vivian zhang,0.0
warmth,0.0,5.0,wiliam,0.0
warmth,0.0,5.375,william,0.0
warmth,0.0,5.25,william novak,0.0
warmth,0.0,5.5,xavier washington,0.0
warmth,0.0,5.375,xiuying zhang,0.0
warmth,0.0,5.375,yong zhang,0.0
warmth,0.0,5.375,zachary,0.0
warmth,2.0,7.625,aaliyah jackson,0.25
warmth,2.375,7.5,aasha waabberi,0.25
warmth,2.125,7.5,abd al-hakiim amar,0.25
warmth,2.25,7.625,abdullah abukar,0.25
warmth,2.0,7.5,abigail,0.25
warmth,2.375,7.5,abigale,0.25
warmth,2.125,7.5,abu amjad khazin,0.25
warmth,2.125,7.5,adam,0.25
warmth,2.375,7.5,aferdita dzaghig,0.25
warmth,2.25,7.125,afredita dzaghig,0.25
warmth,2.0,7.625,aisha,0.25
warmth,2.0,6.625,al-malik khalil,0.25
warmth,2.25,7.5,alexander,0.25
warmth,2.25,7.625,alexis,0.25
warmth,2.125,7.5,ali saeed,0.25
warmth,2.0,7.625,alison johnson,0.25
warmth,2.125,7.375,allen wang,0.25
warmth,2.0,7.5,allison,0.25
warmth,2.25,7.625,amanda,0.25
warmth,2.125,7.5,amber,0.25
warmth,2.0,7.5,amber sullivan,0.25
warmth,2.0,7.5,amy,0.25
warmth,2.125,7.625,amy rasmussen,0.25
warmth,2.125,7.5,amy wang,0.25
warmth,2.125,7.5,amy wood,0.25
warmth,2.125,7.625,andre robinson,0.25
warmth,2.125,7.5,andrew,0.25
warmth,2.125,7.625,angela,0.25
warmth,2.25,7.625,anne,0.25
warmth,2.0,7.375,anthony,0.25
warmth,2.125,7.625,antwan,0.25
warmth,2.25,7.75,arjun kumar,0.25
warmth,2.25,7.625,ashley,0.25
warmth,2.25,7.5,asif sheikh,0.25
warmth,2.25,7.5,austin,0.25
warmth,2.375,7.625,ava,0.25
warmth,2.125,6.375,babara,0.25
warmth,2.125,7.5,barbara,0.25
warmth,2.0,7.5,bill zhang,0.25
warmth,2.125,7.25,brad,0.25
warmth,2.0,7.25,bradley,0.25
warmth,2.125,6.75,brandom,0.25
warmth,2.125,7.375,brandon,0.25
warmth,2.125,7.5,brenda,0.25
warmth,2.125,7.375,brendan,0.25
warmth,2.125,7.375,brett,0.25
warmth,2.125,7.5,brianna,0.25
warmth,2.125,7.5,carol,0.25
warmth,2.0,7.5,carolyn,0.25
warmth,2.125,7.5,carrie,0.25
warmth,2.25,7.625,carrie johnson,0.25
warmth,2.0,7.5,carrie martin,0.25
warmth,2.125,7.375,chad,0.25
warmth,1.0,5.125,chales,0.25
warmth,2.25,7.5,charles,0.25
warmth,2.125,7.375,chaudhry mohammad,0.25
warmth,2.25,7.5,chloe,0.25
warmth,2.125,7.5,christina,0.25
warmth,2.25,6.625,chritine,0.25
warmth,2.125,6.0,chrostopher,0.25
warmth,2.0,7.375,claire kruger,0.25
warmth,2.0,7.375,cody baker,0.25
warmth,2.125,7.5,courtney,0.25
warmth,2.125,7.5,cynthia,0.25
warmth,2.25,7.625,daniel,0.25
warmth,2.125,7.625,danielle,0.25
warmth,2.125,7.625,darius jackson,0.25
warmth,2.25,7.625,darnell,0.25
warmth,2.0,7.5,david,0.25
warmth,1.875,7.375,david schmitt,0.25
warmth,2.25,7.625,dawn,0.25
warmth,2.0,7.5,deandre washington,0.25
warmth,2.125,7.5,deborah,0.25
warmth,2.125,7.375,debra,0.25
warmth,2.125,7.375,dennis,0.25
warmth,2.125,7.625,deshawn jefferson,0.25
warmth,1.875,7.375,diane,0.25
warmth,2.0,7.25,donald,0.25
warmth,2.0,7.5,dong liu,0.25
warmth,2.125,7.5,donna,0.25
warmth,2.125,7.5,donnell,0.25
warmth,2.0,7.375,dorothy,0.25
warmth,2.0,6.5,dziella lousaper,0.25
warmth,2.125,7.5,ebony,0.25
warmth,2.125,7.375,ebony booker,0.25
warmth,1.875,7.375,ebony williams,0.25
warmth,2.25,7.25,edona sanastroug,0.25
warmth,2.125,7.25,edona sanatroug,0.25
warmth,2.125,7.375,edward,0.25
warmth,2.125,7.625,emily,0.25
warmth,2.125,7.625,emily brown,0.25
warmth,2.125,7.625,emma,0.25
warmth,2.125,7.5,eric wang,0.25
warmth,2.125,7.5,erin,0.25
warmth,2.125,7.5,ethan,0.25
warmth,2.125,7.5,fang wang,0.25
warmth,2.0,7.5,fathia hassan,0.25
warmth,2.25,7.75,fatima sheikh,0.25
warmth,2.125,7.25,frank,0.25
warmth,2.25,7.375,gadarine besnik,0.25
warmth,2.25,7.5,geoffrey,0.25
warmth,2.0,7.375,george,0.25
warmth,2.25,7.5,greg,0.25
warmth,2.125,7.5,greg johnson,0.25
warmth,2.25,7.625,hakim,0.25
warmth,2.25,7.625,hannah,0.25
warmth,2.125,7.625,hassan khan,0.25
warmth,2.125,7.625,heather,0.25
warmth,2.25,7.625,hina chaudhry,0.25
warmth,2.0,7.5,imani williams,0.25
warmth,2.125,7.625,isabella,0.25
warmth,2.125,7.625,jack li,0.25
warmth,2.125,7.5,jacob,0.25
warmth,2.0,7.375,jacob myers,0.25
warmth,2.25,7.5,jake kelly,0.25
warmth,2.125,7.625,jalen harris,0.25
warmth,2.125,7.625,jamal,0.25
warmth,2.125,7.75,james liu,0.25
warmth,2.125,7.625,james yoder,0.25
warmth,2.0,7.5,janet,0.25
warmth,2.0,7.5,janice,0.25
warmth,2.125,7.625,jasmine washington,0.25
warmth,2.125,7.5,jason,0.25
warmth,2.25,7.625,jay,0.25
warmth,2.0,7.5,jeffrey,0.25
warmth,2.125,7.625,jennifer,0.25
warmth,2.0,7.625,jennifer li,0.25
warmth,2.125,7.5,jeremy,0.25
warmth,2.0,7.5,jermaine,0.25
warmth,2.125,7.5,jerry,0.25
warmth,2.25,7.625,jill,0.25
warmth,2.125,7.625,jill wilson,0.25
warmth,2.125,7.375,jilue,0.25
warmth,2.125,7.5,joan,0.25
warmth,2.25,7.625,john,0.25
warmth,2.25,7.625,john martin,0.25
warmth,2.125,7.5,john mueller,0.25
warmth,2.25,7.625,jonathan,0.25
warmth,2.125,7.375,jonathon,0.25
warmth,2.125,7.5,joseph,0.25
warmth,2.125,7.5,joshua,0.25
warmth,2.25,7.625,joyce,0.25
warmth,2.0,7.5,judith,0.25
warmth,2.125,7.5,judy,0.25
warmth,2.0,7.5,julie,0.25
warmth,2.0,7.375,justin,0.25
warmth,2.125,7.5,kareem,0.25
warmth,2.0,7.375,karen,0.25
warmth,2.0,7.5,kayla,0.25
warmth,2.0,7.625,keisha,0.25
warmth,2.125,7.5,kenneth,0.25
warmth,2.125,7.375,kenya,0.25
warmth,2.125,7.5,kevin,0.25
warmth,2.125,7.375,khalid bahdoon,0.25
warmth,2.25,7.0,kimberely,0.25
warmth,2.125,7.5,kimberley,0.25
warmth,1.875,7.375,kimberly,0.25
warmth,2.25,7.625,kristen,0.25
warmth,2.125,7.625,kristen smith,0.25
warmth,2.25,7.5,kyle,0.25
warmth,2.25,7.5,kyler,0.25
warmth,2.125,7.5,lakeisha,0.25
warmth,2.25,7.5,lakesha,0.25
warmth,2.125,7.5,lakisha,0.25
warmth,2.125,7.625,lakisha jones,0.25
warmth,2.0,7.375,lamar,0.25
warmth,2.125,7.5,lamont,0.25
warmth,2.125,7.25,larry,0.25
warmth,2.125,7.375,lashonda,0.25
warmth,2.0,7.5,latasha,0.25
warmth,2.0,7.5,latisha,0.25
warmth,2.25,7.5,latonya,0.25
warmth,2.125,7.625,latoya,0.25
warmth,2.125,7.5,latoya brown,0.25
warmth,2.125,7.75,lauren,0.25
warmth,2.25,7.625,laurie,0.25
warmth,2.0,7.125,laurie anderson,0.25
warmth,2.0,7.375,lawanda,0.25
warmth,2.0,7.375,lei li,0.25
warmth,2.25,7.5,leroy,0.25
warmth,2.25,7.625,linda,0.25
warmth,2.125,7.5,lisa,0.25
warmth,2.25,7.5,lori,0.25
warmth,2.0,7.5,lucas peterson,0.25
warmth,2.375,7.5,lukas minsopoulos,0.25
warmth,2.25,7.5,mack,0.25
warmth,2.375,7.375,mamuud irshad,0.25
warmth,2.125,7.625,margaret,0.25
warmth,2.125,7.5,mark,0.25
warmth,2.125,7.375,marquis,0.25
warmth,2.125,7.625,mary,0.25
warmth,2.125,7.5,matthew,0.25
warmth,2.125,7.625,matthew wilson,0.25
warmth,2.125,7.5,maurice,0.25
warmth,2.125,7.625,may,0.25
warmth,2.0,7.75,maya kumar,0.25
warmth,2.125,7.625,megan,0.25
warmth,2.0,7.5,melissa,0.25
warmth,2.25,7.5,meredith,0.25
warmth,2.0,7.5,meredith miller,0.25
warmth,2.25,7.625,michael schwartz,0.25
warmth,2.125,7.625,michael smith,0.25
warmth,2.125,7.25,michell,0.25
warmth,2.125,7.625,michelle,0.25
warmth,2.0,7.5,michelle wang,0.25
warmth,2.0,7.5,min liu,0.25
warmth,2.125,7.375,misty,0.25
warmth,2.0,7.5,monica liu,0.25
warmth,2.0,7.375,na li,0.25
warmth,2.0,7.375,nancy,0.25
warmth,2.25,7.5,natalie,0.25
warmth,2.125,7.375,nathan,0.25
warmth,2.125,7.375,neil,0.25
warmth,2.125,7.5,nia jackson,0.25
warmth,2.0,7.125,nicole minsopoulos,0.25
warmth,2.0,7.5,pamela,0.25
warmth,2.125,7.375,panav singh,0.25
warmth,2.0,7.5,patrice,0.25
warmth,2.25,7.625,patricia,0.25
warmth,2.125,7.5,paul,0.25
warmth,1.875,7.125,phillips,0.25
warmth,2.0,7.625,priyanka kaur,0.25
warmth,2.125,7.5,qahhar kazim,0.25
warmth,2.25,7.5,rabab saeed,0.25
warmth,2.0,7.5,rachel,0.25
warmth,2.25,7.25,rahul kaur,0.25
warmth,2.125,7.5,rasheed,0.25
warmth,2.0,7.5,rebecca,0.25
warmth,2.0,7.375,reginald,0.25
warmth,2.125,7.5,richard,0.25
warmth,2.125,7.5,robert,0.25
warmth,2.0,7.375,robert krueger,0.25
warmth,2.125,7.5,roderick,0.25
warmth,2.125,7.5,rose,0.25
warmth,2.125,7.5,ryan,0.25
warmth,2.125,7.625,samantha,0.25
warmth,2.125,7.625,samir sharma,0.25
warmth,2.125,7.75,sana khan,0.25
warmth,2.125,7.625,sandra,0.25
warmth,2.25,7.75,sarah,0.25
warmth,2.125,7.625,sarah davis,0.25
warmth,2.25,7.5,scott,0.25
warmth,2.25,7.75,shakir imtiaz,0.25
warmth,2.125,7.5,shannon,0.25
warmth,2.125,7.5,sharon,0.25
warmth,2.0,7.375,shirley,0.25
warmth,2.125,7.625,shreya sharma,0.25
warmth,2.125,7.375,sofiko kushtrim,0.25
warmth,1.5,4.75,steohen,0.25
warmth,2.0,7.5,stephanie,0.25
warmth,2.125,7.375,stephen,0.25
warmth,2.125,7.5,steven,0.25
warmth,2.0,7.5,susan,0.25
warmth,2.125,7.5,tameka,0.25
warmth,2.25,7.75,tamika,0.25
warmth,2.125,7.5,tammy,0.25
warmth,2.125,7.5,tanisha,0.25
warmth,2.25,7.625,tanisha white,0.25
warmth,2.125,7.5,tao wang,0.25
warmth,2.125,7.625,tara singh,0.25
warmth,2.0,7.5,tawanda,0.25
warmth,2.125,7.5,teresa,0.25
warmth,2.125,7.5,terrance,0.25
warmth,2.25,7.5,terrell,0.25
warmth,2.125,7.5,thomas,0.25
warmth,2.0,7.375,timothy,0.25
warmth,2.375,7.0,timoty,0.25
warmth,2.125,7.375,todd,0.25
warmth,2.25,7.625,tomeka,0.25
warmth,2.0,7.375,tracy,0.25
warmth,2.125,7.375,tremayne,0.25
warmth,2.125,7.375,tyler,0.25
warmth,2.25,7.5,tyrone,0.25
warmth,2.25,7.625,victoria,0.25
warmth,2.0,7.625,vivian zhang,0.25
warmth,2.125,7.125,wiliam,0.25
warmth,2.125,7.5,william,0.25
warmth,2.125,7.375,william novak,0.25
warmth,2.0,7.5,xavier washington,0.25
warmth,2.0,7.375,xiuying zhang,0.25
warmth,2.125,7.5,yong zhang,0.25
warmth,2.125,7.5,zachary,0.25
warmth,2.25,7.875,aaliyah jackson,0.5
warmth,2.5,7.625,aasha waabberi,0.5
warmth,2.25,7.625,abd al-hakiim amar,0.5
warmth,2.25,7.625,abdullah abukar,0.5
warmth,2.25,7.75,abigail,0.5
warmth,2.375,7.5,abigale,0.5
warmth,2.25,7.625,abu amjad khazin,0.5
warmth,2.125,7.5,adam,0.5
warmth,2.5,7.625,aferdita dzaghig,0.5
warmth,2.625,7.5,afredita dzaghig,0.5
warmth,2.125,7.75,aisha,0.5
warmth,2.5,7.125,al-malik khalil,0.5
warmth,2.25,7.5,alexander,0.5
warmth,2.375,7.75,alexis,0.5
warmth,2.25,7.625,ali saeed,0.5
warmth,2.0,7.625,alison johnson,0.5
warmth,2.5,7.75,allen wang,0.5
warmth,2.25,7.75,allison,0.5
warmth,2.25,7.625,amanda,0.5
warmth,2.25,7.625,amber,0.5
warmth,2.25,7.75,amber sullivan,0.5
warmth,2.125,7.625,amy,0.5
warmth,2.0,7.5,amy rasmussen,0.5
warmth,2.25,7.625,amy wang,0.5
warmth,2.25,7.625,amy wood,0.5
warmth,2.25,7.75,andre robinson,0.5
warmth,2.25,7.625,andrew,0.5
warmth,2.125,7.625,angela,0.5
warmth,2.25,7.625,anne,0.5
warmth,2.125,7.5,anthony,0.5
warmth,2.125,7.625,antwan,0.5
warmth,2.25,7.75,arjun kumar,0.5
warmth,2.25,7.625,ashley,0.5
warmth,2.375,7.625,asif sheikh,0.5
warmth,2.375,7.625,austin,0.5
warmth,2.375,7.625,ava,0.5
warmth,2.75,7.0,babara,0.5
warmth,2.125,7.5,barbara,0.5
warmth,2.0,7.5,bill zhang,0.5
warmth,2.25,7.375,brad,0.5
warmth,2.125,7.375,bradley,0.5
warmth,2.375,7.0,brandom,0.5
warmth,2.375,7.625,brandon,0.5
warmth,2.25,7.625,brenda,0.5
warmth,2.125,7.375,brendan,0.5
warmth,2.25,7.5,brett,0.5
warmth,2.25,7.625,brianna,0.5
warmth,2.125,7.5,carol,0.5
warmth,2.0,7.5,carolyn,0.5
warmth,2.375,7.75,carrie,0.5
warmth,2.25,7.625,carrie johnson,0.5
warmth,2.125,7.625,carrie martin,0.5
warmth,2.25,7.5,chad,0.5
warmth,2.5,6.625,chales,0.5
warmth,2.25,7.5,charles,0.5
warmth,2.25,7.5,chaudhry mohammad,0.5
warmth,2.25,7.5,chloe,0.5
warmth,2.25,7.625,christina,0.5
warmth,2.625,7.0,chritine,0.5
warmth,3.125,7.0,chrostopher,0.5
warmth,2.25,7.625,claire kruger,0.5
warmth,2.125,7.5,cody baker,0.5
warmth,2.125,7.5,courtney,0.5
warmth,2.25,7.625,cynthia,0.5
warmth,2.25,7.625,daniel,0.5
warmth,2.25,7.75,danielle,0.5
warmth,2.125,7.625,darius jackson,0.5
warmth,2.375,7.75,darnell,0.5
warmth,2.125,7.625,david,0.5
warmth,2.125,7.625,david schmitt,0.5
warmth,2.25,7.625,dawn,0.5
warmth,2.25,7.75,deandre washington,0.5
warmth,2.125,7.5,deborah,0.5
warmth,2.375,7.625,debra,0.5
warmth,2.25,7.5,dennis,0.5
warmth,2.25,7.75,deshawn jefferson,0.5
warmth,2.125,7.625,diane,0.5
warmth,2.125,7.375,donald,0.5
warmth,2.25,7.75,dong liu,0.5
warmth,2.125,7.5,donna,0.5
warmth,2.25,7.625,donnell,0.5
warmth,2.25,7.625,dorothy,0.5
warmth,2.5,7.0,dziella lousaper,0.5
warmth,2.125,7.5,ebony,0.5
warmth,2.125,7.375,ebony booker,0.5
warmth,2.0,7.5,ebony williams,0.5
warmth,2.375,7.375,edona sanastroug,0.5
warmth,2.375,7.5,edona sanatroug,0.5
warmth,2.25,7.5,edward,0.5
warmth,2.125,7.625,emily,0.5
warmth,2.125,7.625,emily brown,0.5
warmth,2.25,7.75,emma,0.5
warmth,2.25,7.625,eric wang,0.5
warmth,2.25,7.625,erin,0.5
warmth,2.375,7.75,ethan,0.5
warmth,2.25,7.625,fang wang,0.5
warmth,2.25,7.75,fathia hassan,0.5
warmth,2.25,7.75,fatima sheikh,0.5
warmth,2.25,7.375,frank,0.5
warmth,2.375,7.5,gadarine besnik,0.5
warmth,2.375,7.625,geoffrey,0.5
warmth,2.25,7.625,george,0.5
warmth,2.25,7.5,greg,0.5
warmth,2.125,7.5,greg johnson,0.5
warmth,2.375,7.75,hakim,0.5
warmth,2.375,7.75,hannah,0.5
warmth,2.25,7.75,hassan khan,0.5
warmth,2.125,7.625,heather,0.5
warmth,2.25,7.625,hina chaudhry,0.5
warmth,2.125,7.625,imani williams,0.5
warmth,2.25,7.75,isabella,0.5
warmth,2.25,7.75,jack li,0.5
warmth,2.125,7.5,jacob,0.5
warmth,2.25,7.625,jacob myers,0.5
warmth,2.25,7.5,jake kelly,0.5
warmth,2.25,7.75,jalen harris,0.5
warmth,2.125,7.625,jamal,0.5
warmth,2.0,7.625,james liu,0.5
warmth,2.125,7.625,james yoder,0.5
warmth,2.125,7.625,janet,0.5
warmth,2.25,7.75,janice,0.5
warmth,2.125,7.625,jasmine washington,0.5
warmth,2.25,7.625,jason,0.5
warmth,2.25,7.625,jay,0.5
warmth,2.125,7.625,jeffrey,0.5
warmth,2.125,7.625,jennifer,0.5
warmth,2.125,7.75,jennifer li,0.5
warmth,2.25,7.625,jeremy,0.5
warmth,2.125,7.625,jermaine,0.5
warmth,2.25,7.625,jerry,0.5
warmth,2.25,7.625,jill,0.5
warmth,2.125,7.625,jill wilson,0.5
warmth,2.375,7.625,jilue,0.5
warmth,2.25,7.625,joan,0.5
warmth,2.25,7.625,john,0.5
warmth,2.25,7.625,john martin,0.5
warmth,2.25,7.625,john mueller,0.5
warmth,2.25,7.625,jonathan,0.5
warmth,2.25,7.5,jonathon,0.5
warmth,2.25,7.625,joseph,0.5
warmth,2.25,7.625,joshua,0.5
warmth,2.25,7.625,joyce,0.5
warmth,2.125,7.625,judith,0.5
warmth,2.25,7.625,judy,0.5
warmth,2.25,7.75,julie,0.5
warmth,2.25,7.625,justin,0.5
warmth,2.125,7.5,kareem,0.5
warmth,2.25,7.625,karen,0.5
warmth,2.125,7.625,kayla,0.5
warmth,2.125,7.75,keisha,0.5
warmth,2.25,7.625,kenneth,0.5
warmth,2.25,7.5,kenya,0.5
warmth,2.25,7.625,kevin,0.5
warmth,2.25,7.5,khalid bahdoon,0.5
warmth,2.5,7.25,kimberely,0.5
warmth,2.25,7.625,kimberley,0.5
warmth,2.0,7.5,kimberly,0.5
warmth,2.375,7.75,kristen,0.5
warmth,2.125,7.625,kristen smith,0.5
warmth,2.375,7.625,kyle,0.5
warmth,2.25,7.5,kyler,0.5
warmth,2.25,7.625,lakeisha,0.5
warmth,2.375,7.625,lakesha,0.5
warmth,2.25,7.625,lakisha,0.5
warmth,2.125,7.625,lakisha jones,0.5
warmth,2.125,7.5,lamar,0.5
warmth,2.25,7.625,lamont,0.5
warmth,2.125,7.25,larry,0.5
warmth,2.375,7.625,lashonda,0.5
warmth,2.0,7.5,latasha,0.5
warmth,2.125,7.625,latisha,0.5
warmth,2.375,7.625,latonya,0.5
warmth,2.25,7.75,latoya,0.5
warmth,2.25,7.625,latoya brown,0.5
warmth,2.125,7.75,lauren,0.5
warmth,2.25,7.625,laurie,0.5
warmth,2.0,7.125,laurie anderson,0.5
warmth,2.25,7.625,lawanda,0.5
warmth,2.25,7.625,lei li,0.5
warmth,2.125,7.375,leroy,0.5
warmth,2.375,7.75,linda,0.5
warmth,2.25,7.625,lisa,0.5
warmth,2.25,7.5,lori,0.5
warmth,2.125,7.625,lucas peterson,0.5
warmth,2.5,7.625,lukas minsopoulos,0.5
warmth,2.375,7.625,mack,0.5
warmth,2.625,7.625,mamuud irshad,0.5
warmth,2.125,7.625,margaret,0.5
warmth,2.375,7.75,mark,0.5
warmth,2.375,7.625,marquis,0.5
warmth,2.125,7.625,mary,0.5
warmth,2.25,7.625,matthew,0.5
warmth,2.125,7.625,matthew wilson,0.5
warmth,2.25,7.625,maurice,0.5
warmth,2.125,7.625,may,0.5
warmth,2.125,7.875,maya kumar,0.5
warmth,2.25,7.75,megan,0.5
warmth,2.125,7.625,melissa,0.5
warmth,2.375,7.625,meredith,0.5
warmth,2.125,7.625,meredith miller,0.5
warmth,2.25,7.625,michael schwartz,0.5
warmth,2.25,7.75,michael smith,0.5
warmth,2.5,7.625,michell,0.5
warmth,2.0,7.5,michelle,0.5
warmth,2.125,7.625,michelle wang,0.5
warmth,2.125,7.625,min liu,0.5
warmth,2.25,7.5,misty,0.5
warmth,2.125,7.625,monica liu,0.5
warmth,2.125,7.5,na li,0.5
warmth,2.25,7.625,nancy,0.5
warmth,2.375,7.625,natalie,0.5
warmth,2.25,7.5,nathan,0.5
warmth,2.25,7.5,neil,0.5
warmth,2.25,7.625,nia jackson,0.5
warmth,2.25,7.375,nicole minsopoulos,0.5
warmth,2.125,7.625,pamela,0.5
warmth,2.375,7.625,panav singh,0.5
warmth,2.125,7.625,patrice,0.5
warmth,2.25,7.625,patricia,0.5
warmth,2.125,7.5,paul,0.5
warmth,2.0,7.25,phillips,0.5
warmth,2.125,7.75,priyanka kaur,0.5
warmth,2.25,7.625,qahhar kazim,0.5
warmth,2.5,7.75,rabab saeed,0.5
warmth,2.125,7.625,rachel,0.5
warmth,2.625,7.625,rahul kaur,0.5
warmth,2.25,7.625,rasheed,0.5
warmth,2.0,7.5,rebecca,0.5
warmth,2.125,7.5,reginald,0.5
warmth,2.125,7.5,richard,0.5
warmth,2.25,7.625,robert,0.5
warmth,2.125,7.5,robert krueger,0.5
warmth,2.25,7.625,roderick,0.5
warmth,2.25,7.625,rose,0.5
warmth,2.25,7.625,ryan,0.5
warmth,2.25,7.75,samantha,0.5
warmth,2.25,7.75,samir sharma,0.5
warmth,2.0,7.625,sana khan,0.5
warmth,2.25,7.75,sandra,0.5
warmth,2.25,7.75,sarah,0.5
warmth,2.25,7.75,sarah davis,0.5
warmth,2.25,7.5,scott,0.5
warmth,2.25,7.75,shakir imtiaz,0.5
warmth,2.125,7.5,shannon,0.5
warmth,2.125,7.5,sharon,0.5
warmth,2.125,7.5,shirley,0.5
warmth,2.25,7.75,shreya sharma,0.5
warmth,2.25,7.5,sofiko kushtrim,0.5
warmth,2.875,6.125,steohen,0.5
warmth,2.125,7.625,stephanie,0.5
warmth,2.25,7.5,stephen,0.5
warmth,2.125,7.5,steven,0.5
warmth,2.0,7.5,susan,0.5
warmth,2.375,7.75,tameka,0.5
warmth,2.125,7.625,tamika,0.5
warmth,2.25,7.625,tammy,0.5
warmth,2.25,7.625,tanisha,0.5
warmth,2.125,7.5,tanisha white,0.5
warmth,2.125,7.5,tao wang,0.5
warmth,2.125,7.625,tara singh,0.5
warmth,2.125,7.625,tawanda,0.5
warmth,2.25,7.625,teresa,0.5
warmth,2.125,7.5,terrance,0.5
warmth,2.25,7.5,terrell,0.5
warmth,2.125,7.5,thomas,0.5
warmth,2.125,7.5,timothy,0.5
warmth,2.625,7.25,timoty,0.5
warmth,2.25,7.5,todd,0.5
warmth,2.125,7.5,tomeka,0.5
warmth,2.125,7.5,tracy,0.5
warmth,2.25,7.5,tremayne,0.5
warmth,2.25,7.5,tyler,0.5
warmth,2.25,7.5,tyrone,0.5
warmth,2.125,7.5,victoria,0.5
warmth,2.125,7.75,vivian zhang,0.5
warmth,2.375,7.375,wiliam,0.5
warmth,2.25,7.625,william,0.5
warmth,2.375,7.625,william novak,0.5
warmth,2.125,7.625,xavier washington,0.5
warmth,2.25,7.625,xiuying zhang,0.5
warmth,2.25,7.625,yong zhang,0.5
warmth,2.25,7.625,zachary,0.5
competence,-3.5,2.125,aaliyah jackson,-0.5
competence,-3.25,1.875,aasha waabberi,-0.5
competence,-3.375,2.0,abd al-hakiim amar,-0.5
competence,-3.5,1.875,abdullah abukar,-0.5
competence,-3.5,2.0,abigail,-0.5
competence,-3.0,2.125,abigale,-0.5
competence,-3.625,1.75,abu amjad khazin,-0.5
competence,-3.5,1.875,adam,-0.5
competence,-3.25,1.875,aferdita dzaghig,-0.5
competence,-2.875,2.0,afredita dzaghig,-0.5
competence,-3.5,2.125,aisha,-0.5
competence,-2.875,1.75,al-malik khalil,-0.5
competence,-3.25,2.0,alexander,-0.5
competence,-3.375,2.0,alexis,-0.5
competence,-3.5,1.875,ali saeed,-0.5
competence,-3.5,2.125,alison johnson,-0.5
competence,-3.25,2.0,allen wang,-0.5
competence,-3.375,2.125,allison,-0.5
competence,-3.25,2.125,amanda,-0.5
competence,-3.375,2.0,amber,-0.5
competence,-3.625,1.875,amber sullivan,-0.5
competence,-3.375,2.125,amy,-0.5
competence,-3.5,2.0,amy rasmussen,-0.5
competence,-3.375,2.0,amy wang,-0.5
competence,-3.375,2.0,amy wood,-0.5
competence,-3.375,2.125,andre robinson,-0.5
competence,-3.5,1.875,andrew,-0.5
competence,-3.375,2.125,angela,-0.5
competence,-3.375,2.0,anne,-0.5
competence,-3.375,2.0,anthony,-0.5
competence,-3.5,2.0,antwan,-0.5
competence,-3.375,2.125,arjun kumar,-0.5
competence,-3.375,2.0,ashley,-0.5
competence,-3.25,2.0,asif sheikh,-0.5
competence,-3.375,1.875,austin,-0.5
competence,-3.25,2.0,ava,-0.5
competence,-2.375,1.875,babara,-0.5
competence,-3.375,2.0,barbara,-0.5
competence,-3.625,1.875,bill zhang,-0.5
competence,-3.125,2.0,brad,-0.5
competence,-3.375,1.875,bradley,-0.5
competence,-2.75,1.875,brandom,-0.5
competence,-3.375,1.875,brandon,-0.5
competence,-3.375,2.0,brenda,-0.5
competence,-3.25,2.0,brendan,-0.5
competence,-3.25,2.0,brett,-0.5
competence,-3.5,1.875,brianna,-0.5
competence,-3.5,1.875,carol,-0.5
competence,-3.5,2.0,carolyn,-0.5
competence,-3.375,2.0,carrie,-0.5
competence,-3.375,2.0,carrie johnson,-0.5
competence,-3.625,1.875,carrie martin,-0.5
competence,-3.375,1.875,chad,-0.5
competence,-2.375,1.75,chales,-0.5
competence,-3.375,1.875,charles,-0.5
competence,-3.375,1.875,chaudhry mohammad,-0.5
competence,-3.25,2.0,chloe,-0.5
competence,-3.25,2.125,christina,-0.5
competence,-2.375,2.0,chritine,-0.5
competence,-1.875,2.0,chrostopher,-0.5
competence,-3.5,1.875,claire kruger,-0.5
competence,-3.5,1.875,cody baker,-0.5
competence,-3.5,1.875,courtney,-0.5
competence,-3.375,2.0,cynthia,-0.5
competence,-3.375,2.0,daniel,-0.5
competence,-3.5,2.0,danielle,-0.5
competence,-3.375,2.125,darius jackson,-0.5
competence,-3.375,2.0,darnell,-0.5
competence,-3.5,2.0,david,-0.5
competence,-3.5,2.0,david schmitt,-0.5
competence,-3.375,2.0,dawn,-0.5
competence,-3.5,2.0,deandre washington,-0.5
competence,-3.375,2.0,deborah,-0.5
competence,-3.125,2.125,debra,-0.5
competence,-3.25,2.0,dennis,-0.5
competence,-3.5,2.0,deshawn jefferson,-0.5
competence,-3.5,2.0,diane,-0.5
competence,-3.375,1.875,donald,-0.5
competence,-3.625,1.875,dong liu,-0.5
competence,-3.375,2.0,donna,-0.5
competence,-3.375,2.0,donnell,-0.5
competence,-3.375,2.0,dorothy,-0.5
competence,-2.875,1.625,dziella lousaper,-0.5
competence,-3.25,2.125,ebony,-0.5
competence,-3.25,2.0,ebony booker,-0.5
competence,-3.625,1.875,ebony williams,-0.5
competence,-3.125,1.875,edona sanastroug,-0.5
competence,-3.25,1.875,edona sanatroug,-0.5
competence,-3.375,1.875,edward,-0.5
competence,-3.5,2.0,emily,-0.5
competence,-3.375,2.125,emily brown,-0.5
competence,-3.5,2.0,emma,-0.5
competence,-3.375,2.0,eric wang,-0.5
competence,-3.375,2.0,erin,-0.5
competence,-3.375,2.0,ethan,-0.5
competence,-3.375,2.0,fang wang,-0.5
competence,-3.625,1.875,fathia hassan,-0.5
competence,-3.5,2.0,fatima sheikh,-0.5
competence,-3.25,1.875,frank,-0.5
competence,-3.25,1.875,gadarine besnik,-0.5
competence,-3.375,1.875,geoffrey,-0.5
competence,-3.5,1.875,george,-0.5
competence,-3.25,2.0,greg,-0.5
competence,-3.5,1.875,greg johnson,-0.5
competence,-3.25,2.125,hakim,-0.5
competence,-3.5,1.875,hannah,-0.5
competence,-3.5,2.0,hassan khan,-0.5
competence,-3.5,2.0,heather,-0.5
competence,-3.375,2.0,hina chaudhry,-0.5
competence,-3.5,2.0,imani williams,-0.5
competence,-3.5,2.0,isabella,-0.5
competence,-3.5,2.0,jack li,-0.5
competence,-3.5,1.875,jacob,-0.5
competence,-3.375,2.0,jacob myers,-0.5
competence,-3.375,1.875,jake kelly,-0.5
competence,-3.5,2.0,jalen harris,-0.5
competence,-3.625,1.875,jamal,-0.5
competence,-3.625,2.0,james liu,-0.5
competence,-3.5,2.0,james yoder,-0.5
competence,-3.375,2.125,janet,-0.5
competence,-3.375,2.125,janice,-0.5
competence,-3.625,1.875,jasmine washington,-0.5
competence,-3.5,1.875,jason,-0.5
competence,-3.375,2.0,jay,-0.5
competence,-3.625,1.875,jeffrey,-0.5
competence,-3.5,2.0,jennifer,-0.5
competence,-3.625,2.0,jennifer li,-0.5
competence,-3.375,2.0,jeremy,-0.5
competence,-3.5,2.0,jermaine,-0.5
competence,-3.5,1.875,jerry,-0.5
competence,-3.375,2.0,jill,-0.5
competence,-3.5,2.0,jill wilson,-0.5
competence,-3.125,2.125,jilue,-0.5
competence,-3.375,2.0,joan,-0.5
competence,-3.375,2.0,john,-0.5
competence,-3.375,2.0,john martin,-0.5
competence,-3.375,2.0,john mueller,-0.5
competence,-3.375,2.0,jonathan,-0.5
competence,-3.25,2.0,jonathon,-0.5
competence,-3.375,2.0,joseph,-0.5
competence,-3.375,2.0,joshua,-0.5
competence,-3.375,2.0,joyce,-0.5
competence,-3.5,2.0,judith,-0.5
competence,-3.25,2.125,judy,-0.5
competence,-3.5,2.0,julie,-0.5
competence,-3.375,2.0,justin,-0.5
competence,-3.25,2.125,kareem,-0.5
competence,-3.375,2.0,karen,-0.5
competence,-3.5,2.0,kayla,-0.5
competence,-3.625,2.0,keisha,-0.5
competence,-3.5,1.875,kenneth,-0.5
competence,-3.25,2.0,kenya,-0.5
competence,-3.375,2.0,kevin,-0.5
competence,-3.375,1.875,khalid bahdoon,-0.5
competence,-2.875,1.875,kimberely,-0.5
competence,-3.5,1.875,kimberley,-0.5
competence,-3.5,2.0,kimberly,-0.5
competence,-3.25,2.125,kristen,-0.5
competence,-3.375,2.125,kristen smith,-0.5
competence,-3.375,1.875,kyle,-0.5
competence,-3.25,2.0,kyler,-0.5
competence,-3.375,2.0,lakeisha,-0.5
competence,-3.25,2.0,lakesha,-0.5
competence,-3.375,2.0,lakisha,-0.5
competence,-3.5,2.0,lakisha jones,-0.5
competence,-3.25,2.125,lamar,-0.5
competence,-3.375,2.0,lamont,-0.5
competence,-3.125,2.0,larry,-0.5
competence,-3.125,2.125,lashonda,-0.5
competence,-3.375,2.125,latasha,-0.5
competence,-3.5,2.0,latisha,-0.5
competence,-3.125,2.125,latonya,-0.5
competence,-3.5,2.0,latoya,-0.5
competence,-3.375,2.0,latoya brown,-0.5
competence,-3.625,2.0,lauren,-0.5
competence,-3.5,1.875,laurie,-0.5
competence,-3.25,1.875,laurie anderson,-0.5
competence,-3.5,1.875,lawanda,-0.5
competence,-3.5,1.875,lei li,-0.5
competence,-3.25,2.0,leroy,-0.5
competence,-3.375,2.0,linda,-0.5
competence,-3.375,2.0,lisa,-0.5
competence,-3.375,1.875,lori,-0.5
competence,-3.5,2.0,lucas peterson,-0.5
competence,-3.25,1.875,lukas minsopoulos,-0.5
competence,-3.25,2.0,mack,-0.5
competence,-3.125,1.875,mamuud irshad,-0.5
competence,-3.625,1.875,margaret,-0.5
competence,-3.25,2.125,mark,-0.5
competence,-3.125,2.125,marquis,-0.5
competence,-3.375,2.125,mary,-0.5
competence,-3.5,1.875,matthew,-0.5
competence,-3.5,2.0,matthew wilson,-0.5
competence,-3.375,2.0,maurice,-0.5
competence,-3.375,2.125,may,-0.5
competence,-3.625,2.125,maya kumar,-0.5
competence,-3.625,1.875,megan,-0.5
competence,-3.5,2.0,melissa,-0.5
competence,-3.125,2.125,meredith,-0.5
competence,-3.625,1.875,meredith miller,-0.5
competence,-3.375,2.0,michael schwartz,-0.5
competence,-3.5,2.0,michael smith,-0.5
competence,-3.0,2.125,michell,-0.5
competence,-3.5,2.0,michelle,-0.5
competence,-3.5,2.0,michelle wang,-0.5
competence,-3.5,2.0,min liu,-0.5
competence,-3.25,2.0,misty,-0.5
competence,-3.5,2.0,monica liu,-0.5
competence,-3.375,2.0,na li,-0.5
competence,-3.375,2.0,nancy,-0.5
competence,-3.25,2.0,natalie,-0.5
competence,-3.375,1.875,nathan,-0.5
competence,-3.375,1.875,neil,-0.5
competence,-3.25,2.125,nia jackson,-0.5
competence,-3.25,1.875,nicole minsopoulos,-0.5
competence,-3.5,2.0,pamela,-0.5
competence,-3.375,1.875,panav singh,-0.5
competence,-3.5,2.0,patrice,-0.5
competence,-3.5,1.875,patricia,-0.5
competence,-3.5,1.875,paul,-0.5
competence,-3.375,1.875,phillips,-0.5
competence,-3.625,2.0,priyanka kaur,-0.5
competence,-3.5,1.875,qahhar kazim,-0.5
competence,-3.375,1.875,rabab saeed,-0.5
competence,-3.5,2.0,rachel,-0.5
competence,-3.125,1.875,rahul kaur,-0.5
competence,-3.25,2.125,rasheed,-0.5
competence,-3.5,2.0,rebecca,-0.5
competence,-3.25,2.125,reginald,-0.5
competence,-3.375,2.0,richard,-0.5
competence,-3.375,2.0,robert,-0.5
competence,-3.25,2.125,robert krueger,-0.5
competence,-3.375,2.0,roderick,-0.5
competence,-3.375,2.0,rose,-0.5
competence,-3.375,2.0,ryan,-0.5
competence,-3.25,2.25,samantha,-0.5
competence,-3.375,2.125,samir sharma,-0.5
competence,-3.5,2.125,sana khan,-0.5
competence,-3.375,2.125,sandra,-0.5
competence,-3.375,2.125,sarah,-0.5
competence,-3.5,2.0,sarah davis,-0.5
competence,-3.375,1.875,scott,-0.5
competence,-3.625,1.875,shakir imtiaz,-0.5
competence,-3.375,2.0,shannon,-0.5
competence,-3.25,2.125,sharon,-0.5
competence,-3.5,1.875,shirley,-0.5
competence,-3.5,2.0,shreya sharma,-0.5
competence,-3.25,2.0,sofiko kushtrim,-0.5
competence,-1.5,1.75,steohen,-0.5
competence,-3.5,2.0,stephanie,-0.5
competence,-3.375,1.875,stephen,-0.5
competence,-3.375,2.0,steven,-0.5
competence,-3.5,2.0,susan,-0.5
competence,-3.375,2.0,tameka,-0.5
competence,-3.375,2.125,tamika,-0.5
competence,-3.25,2.125,tammy,-0.5
competence,-3.375,2.0,tanisha,-0.5
competence,-3.375,2.0,tanisha white,-0.5
competence,-3.5,1.875,tao wang,-0.5
competence,-3.375,2.125,tara singh,-0.5
competence,-3.5,2.0,tawanda,-0.5
competence,-3.375,2.0,teresa,-0.5
competence,-3.5,1.875,terrance,-0.5
competence,-3.25,2.0,terrell,-0.5
competence,-3.5,1.875,thomas,-0.5
competence,-3.375,2.0,timothy,-0.5
competence,-2.625,2.0,timoty,-0.5
competence,-3.25,2.0,todd,-0.5
competence,-3.375,2.0,tomeka,-0.5
competence,-3.375,2.0,tracy,-0.5
competence,-3.375,1.875,tremayne,-0.5
competence,-3.25,2.0,tyler,-0.5
competence,-3.25,2.0,tyrone,-0.5
competence,-3.375,2.0,victoria,-0.5
competence,-3.625,2.0,vivian zhang,-0.5
competence,-3.0,2.0,wiliam,-0.5
competence,-3.5,1.875,william,-0.5
competence,-3.375,1.875,william novak,-0.5
competence,-3.625,1.875,xavier washington,-0.5
competence,-3.25,2.125,xiuying zhang,-0.5
competence,-3.375,2.0,yong zhang,-0.5
competence,-3.375,2.0,zachary,-0.5
competence,-2.75,2.875,aaliyah jackson,-0.25
competence,-2.5,2.625,aasha waabberi,-0.25
competence,-2.875,2.5,abd al-hakiim amar,-0.25
competence,-2.625,2.75,abdullah abukar,-0.25
competence,-2.625,2.875,abigail,-0.25
competence,-2.25,2.875,abigale,-0.25
competence,-2.875,2.5,abu amjad khazin,-0.25
competence,-2.5,2.875,adam,-0.25
competence,-2.5,2.625,aferdita dzaghig,-0.25
competence,-2.25,2.625,afredita dzaghig,-0.25
competence,-2.75,2.875,aisha,-0.25
competence,-2.25,2.375,al-malik khalil,-0.25
competence,-2.375,2.875,alexander,-0.25
competence,-2.5,2.875,alexis,-0.25
competence,-2.75,2.625,ali saeed,-0.25
competence,-2.625,3.0,alison johnson,-0.25
competence,-2.375,2.875,allen wang,-0.25
competence,-2.625,2.875,allison,-0.25
competence,-2.5,2.875,amanda,-0.25
competence,-2.625,2.75,amber,-0.25
competence,-2.875,2.625,amber sullivan,-0.25
competence,-2.5,3.0,amy,-0.25
competence,-2.75,2.75,amy rasmussen,-0.25
competence,-2.5,2.875,amy wang,-0.25
competence,-2.625,2.75,amy wood,-0.25
competence,-2.625,2.875,andre robinson,-0.25
competence,-2.5,2.875,andrew,-0.25
competence,-2.625,2.875,angela,-0.25
competence,-2.5,2.875,anne,-0.25
competence,-2.5,2.875,anthony,-0.25
competence,-2.5,3.0,antwan,-0.25
competence,-2.625,2.875,arjun kumar,-0.25
competence,-2.5,2.875,ashley,-0.25
competence,-2.625,2.625,asif sheikh,-0.25
competence,-2.5,2.75,austin,-0.25
competence,-2.375,2.875,ava,-0.25
competence,-1.625,2.625,babara,-0.25
competence,-2.5,2.875,barbara,-0.25
competence,-2.625,2.875,bill zhang,-0.25
competence,-2.25,2.875,brad,-0.25
competence,-2.5,2.75,bradley,-0.25
competence,-2.0,2.625,brandom,-0.25
competence,-2.5,2.75,brandon,-0.25
competence,-2.625,2.75,brenda,-0.25
competence,-2.5,2.75,brendan,-0.25
competence,-2.375,2.875,brett,-0.25
competence,-2.625,2.75,brianna,-0.25
competence,-2.375,3.0,carol,-0.25
competence,-2.625,2.875,carolyn,-0.25
competence,-2.5,2.875,carrie,-0.25
competence,-2.5,2.875,carrie johnson,-0.25
competence,-2.625,2.875,carrie martin,-0.25
competence,-2.5,2.75,chad,-0.25
competence,-1.625,2.5,chales,-0.25
competence,-2.5,2.75,charles,-0.25
competence,-2.5,2.75,chaudhry mohammad,-0.25
competence,-2.375,2.875,chloe,-0.25
competence,-2.5,2.875,christina,-0.25
competence,-1.875,2.5,chritine,-0.25
competence,-1.5,2.375,chrostopher,-0.25
competence,-2.75,2.625,claire kruger,-0.25
competence,-2.75,2.625,cody baker,-0.25
competence,-2.625,2.75,courtney,-0.25
competence,-2.5,2.875,cynthia,-0.25
competence,-2.625,2.75,daniel,-0.25
competence,-2.75,2.75,danielle,-0.25
competence,-2.625,2.875,darius jackson,-0.25
competence,-2.5,2.875,darnell,-0.25
competence,-2.5,3.0,david,-0.25
competence,-2.75,2.75,david schmitt,-0.25
competence,-2.5,2.875,dawn,-0.25
competence,-2.625,2.875,deandre washington,-0.25
competence,-2.5,2.875,deborah,-0.25
competence,-2.375,2.875,debra,-0.25
competence,-2.375,2.875,dennis,-0.25
competence,-2.625,2.875,deshawn jefferson,-0.25
competence,-2.625,2.875,diane,-0.25
competence,-2.5,2.75,donald,-0.25
competence,-2.625,2.875,dong liu,-0.25
competence,-2.625,2.75,donna,-0.25
competence,-2.625,2.75,donnell,-0.25
competence,-2.5,2.875,dorothy,-0.25
competence,-2.125,2.375,dziella lousaper,-0.25
competence,-2.5,2.875,ebony,-0.25
competence,-2.5,2.75,ebony booker,-0.25
competence,-2.75,2.75,ebony williams,-0.25
competence,-2.25,2.75,edona sanastroug,-0.25
competence,-2.375,2.75,edona sanatroug,-0.25
competence,-2.375,2.875,edward,-0.25
competence,-2.625,2.875,emily,-0.25
competence,-2.625,2.875,emily brown,-0.25
competence,-2.5,3.0,emma,-0.25
competence,-2.625,2.75,eric wang,-0.25
competence,-2.5,2.875,erin,-0.25
competence,-2.625,2.75,ethan,-0.25
competence,-2.625,2.75,fang wang,-0.25
competence,-2.75,2.75,fathia hassan,-0.25
competence,-2.625,2.875,fatima sheikh,-0.25
competence,-2.375,2.75,frank,-0.25
competence,-2.625,2.5,gadarine besnik,-0.25
competence,-2.5,2.75,geoffrey,-0.25
competence,-2.5,2.875,george,-0.25
competence,-2.375,2.875,greg,-0.25
competence,-2.5,2.875,greg johnson,-0.25
competence,-2.5,2.875,hakim,-0.25
competence,-2.5,2.875,hannah,-0.25
competence,-2.625,2.875,hassan khan,-0.25
competence,-2.625,2.875,heather,-0.25
competence,-2.75,2.625,hina chaudhry,-0.25
competence,-2.625,2.875,imani williams,-0.25
competence,-2.5,3.0,isabella,-0.25
competence,-2.625,2.875,jack li,-0.25
competence,-2.5,2.875,jacob,-0.25
competence,-2.625,2.75,jacob myers,-0.25
competence,-2.625,2.625,jake kelly,-0.25
competence,-2.75,2.75,jalen harris,-0.25
competence,-2.625,2.875,jamal,-0.25
competence,-2.75,2.875,james liu,-0.25
competence,-2.625,2.875,james yoder,-0.25
competence,-2.5,3.0,janet,-0.25
competence,-2.5,3.0,janice,-0.25
competence,-2.625,2.875,jasmine washington,-0.25
competence,-2.5,2.875,jason,-0.25
competence,-2.625,2.75,jay,-0.25
competence,-2.625,2.875,jeffrey,-0.25
competence,-2.625,2.875,jennifer,-0.25
competence,-2.75,2.875,jennifer li,-0.25
competence,-2.5,2.875,jeremy,-0.25
competence,-2.625,2.875,jermaine,-0.25
competence,-2.625,2.75,jerry,-0.25
competence,-2.5,2.875,jill,-0.25
competence,-2.625,2.875,jill wilson,-0.25
competence,-2.375,2.875,jilue,-0.25
competence,-2.5,2.875,joan,-0.25
competence,-2.5,2.875,john,-0.25
competence,-2.625,2.75,john martin,-0.25
competence,-2.5,2.875,john mueller,-0.25
competence,-2.5,2.875,jonathan,-0.25
competence,-2.375,2.875,jonathon,-0.25
competence,-2.5,2.875,joseph,-0.25
competence,-2.5,2.875,joshua,-0.25
competence,-2.5,2.875,joyce,-0.25
competence,-2.625,2.875,judith,-0.25
competence,-2.625,2.75,judy,-0.25
competence,-2.5,3.0,julie,-0.25
competence,-2.5,2.875,justin,-0.25
competence,-2.5,2.875,kareem,-0.25
competence,-2.5,2.875,karen,-0.25
competence,-2.625,2.875,kayla,-0.25
competence,-2.625,3.0,keisha,-0.25
competence,-2.5,2.875,kenneth,-0.25
competence,-2.25,3.0,kenya,-0.25
competence,-2.5,2.875,kevin,-0.25
competence,-2.625,2.625,khalid bahdoon,-0.25
competence,-2.125,2.625,kimberely,-0.25
competence,-2.5,2.875,kimberley,-0.25
competence,-2.625,2.875,kimberly,-0.25
competence,-2.5,2.875,kristen,-0.25
competence,-2.75,2.75,kristen smith,-0.25
competence,-2.375,2.875,kyle,-0.25
competence,-2.5,2.75,kyler,-0.25
competence,-2.5,2.875,lakeisha,-0.25
competence,-2.375,2.875,lakesha,-0.25
competence,-2.5,2.875,lakisha,-0.25
competence,-2.625,2.875,lakisha jones,-0.25
competence,-2.625,2.75,lamar,-0.25
competence,-2.5,2.875,lamont,-0.25
competence,-2.25,2.875,larry,-0.25
competence,-2.375,2.875,lashonda,-0.25
competence,-2.5,3.0,latasha,-0.25
competence,-2.5,3.0,latisha,-0.25
competence,-2.375,2.875,latonya,-0.25
competence,-2.5,3.0,latoya,-0.25
competence,-2.625,2.75,latoya brown,-0.25
competence,-2.75,2.875,lauren,-0.25
competence,-2.625,2.75,laurie,-0.25
competence,-2.375,2.75,laurie anderson,-0.25
competence,-2.625,2.75,lawanda,-0.25
competence,-2.625,2.75,lei li,-0.25
competence,-2.375,2.875,leroy,-0.25
competence,-2.5,2.875,linda,-0.25
competence,-2.5,2.875,lisa,-0.25
competence,-2.5,2.75,lori,-0.25
competence,-2.75,2.75,lucas peterson,-0.25
competence,-2.5,2.625,lukas minsopoulos,-0.25
competence,-2.375,2.875,mack,-0.25
competence,-2.5,2.5,mamuud irshad,-0.25
competence,-2.5,3.0,margaret,-0.25
competence,-2.5,2.875,mark,-0.25
competence,-2.25,3.0,marquis,-0.25
competence,-2.5,3.0,mary,-0.25
competence,-2.625,2.75,matthew,-0.25
competence,-2.625,2.875,matthew wilson,-0.25
competence,-2.625,2.75,maurice,-0.25
competence,-2.625,2.875,may,-0.25
competence,-2.875,2.875,maya kumar,-0.25
competence,-2.625,2.875,megan,-0.25
competence,-2.625,2.875,melissa,-0.25
competence,-2.375,2.875,meredith,-0.25
competence,-2.625,2.875,meredith miller,-0.25
competence,-2.5,2.875,michael schwartz,-0.25
competence,-2.5,3.0,michael smith,-0.25
competence,-2.375,2.75,michell,-0.25
competence,-2.75,2.75,michelle,-0.25
competence,-2.75,2.75,michelle wang,-0.25
competence,-2.75,2.75,min liu,-0.25
competence,-2.5,2.75,misty,-0.25
competence,-2.75,2.75,monica liu,-0.25
competence,-2.625,2.75,na li,-0.25
competence,-2.625,2.75,nancy,-0.25
competence,-2.375,2.875,natalie,-0.25
competence,-2.375,2.875,nathan,-0.25
competence,-2.5,2.75,neil,-0.25
competence,-2.625,2.75,nia jackson,-0.25
competence,-2.5,2.625,nicole minsopoulos,-0.25
competence,-2.5,3.0,pamela,-0.25
competence,-2.625,2.625,panav singh,-0.25
competence,-2.625,2.875,patrice,-0.25
competence,-2.5,2.875,patricia,-0.25
competence,-2.625,2.75,paul,-0.25
competence,-2.5,2.75,phillips,-0.25
competence,-2.75,2.875,priyanka kaur,-0.25
competence,-2.625,2.75,qahhar kazim,-0.25
competence,-2.75,2.5,rabab saeed,-0.25
competence,-2.75,2.75,rachel,-0.25
competence,-2.5,2.5,rahul kaur,-0.25
competence,-2.375,3.0,rasheed,-0.25
competence,-2.625,2.875,rebecca,-0.25
competence,-2.375,3.0,reginald,-0.25
competence,-2.5,2.875,richard,-0.25
competence,-2.5,2.875,robert,-0.25
competence,-2.625,2.75,robert krueger,-0.25
competence,-2.5,2.875,roderick,-0.25
competence,-2.5,2.875,rose,-0.25
competence,-2.5,2.875,ryan,-0.25
competence,-2.625,2.875,samantha,-0.25
competence,-2.625,2.875,samir sharma,-0.25
competence,-2.875,2.75,sana khan,-0.25
competence,-2.625,2.875,sandra,-0.25
competence,-2.5,3.0,sarah,-0.25
competence,-2.75,2.75,sarah davis,-0.25
competence,-2.5,2.75,scott,-0.25
competence,-2.75,2.75,shakir imtiaz,-0.25
competence,-2.5,2.875,shannon,-0.25
competence,-2.5,2.875,sharon,-0.25
competence,-2.625,2.75,shirley,-0.25
competence,-2.625,2.875,shreya sharma,-0.25
competence,-2.5,2.75,sofiko kushtrim,-0.25
competence,-1.125,2.125,steohen,-0.25
competence,-2.625,2.875,stephanie,-0.25
competence,-2.375,2.875,stephen,-0.25
competence,-2.625,2.75,steven,-0.25
competence,-2.5,3.0,susan,-0.25
competence,-2.5,2.875,tameka,-0.25
competence,-2.625,2.875,tamika,-0.25
competence,-2.5,2.875,tammy,-0.25
competence,-2.375,3.0,tanisha,-0.25
competence,-2.625,2.75,tanisha white,-0.25
competence,-2.5,2.875,tao wang,-0.25
competence,-2.75,2.75,tara singh,-0.25
competence,-2.5,3.0,tawanda,-0.25
competence,-2.5,2.875,teresa,-0.25
competence,-2.5,2.875,terrance,-0.25
competence,-2.375,2.875,terrell,-0.25
competence,-2.5,2.875,thomas,-0.25
competence,-2.5,2.875,timothy,-0.25
competence,-2.0,2.625,timoty,-0.25
competence,-2.375,2.875,todd,-0.25
competence,-2.5,2.875,tomeka,-0.25
competence,-2.5,2.875,tracy,-0.25
competence,-2.375,2.875,tremayne,-0.25
competence,-2.5,2.75,tyler,-0.25
competence,-2.125,3.125,tyrone,-0.25
competence,-2.625,2.75,victoria,-0.25
competence,-2.625,3.0,vivian zhang,-0.25
competence,-2.25,2.75,wiliam,-0.25
competence,-2.5,2.875,william,-0.25
competence,-2.5,2.75,william novak,-0.25
competence,-2.75,2.75,xavier washington,-0.25
competence,-2.625,2.75,xiuying zhang,-0.25
competence,-2.625,2.75,yong zhang,-0.25
competence,-2.625,2.75,zachary,-0.25
competence,0.0,5.625,aaliyah jackson,0.0
competence,0.0,5.125,aasha waabberi,0.0
competence,0.0,5.375,abd al-hakiim amar,0.0
competence,0.0,5.375,abdullah abukar,0.0
competence,0.0,5.5,abigail,0.0
competence,0.0,5.125,abigale,0.0
competence,0.0,5.375,abu amjad khazin,0.0
competence,0.0,5.375,adam,0.0
competence,0.0,5.125,aferdita dzaghig,0.0
competence,0.0,4.875,afredita dzaghig,0.0
competence,0.0,5.625,aisha,0.0
competence,0.0,4.625,al-malik khalil,0.0
competence,0.0,5.25,alexander,0.0
competence,0.0,5.375,alexis,0.0
competence,0.0,5.375,ali saeed,0.0
competence,0.0,5.625,alison johnson,0.0
competence,0.0,5.25,allen wang,0.0
competence,0.0,5.5,allison,0.0
competence,0.0,5.375,amanda,0.0
competence,0.0,5.375,amber,0.0
competence,0.0,5.5,amber sullivan,0.0
competence,0.0,5.5,amy,0.0
competence,0.0,5.5,amy rasmussen,0.0
competence,0.0,5.375,amy wang,0.0
competence,0.0,5.375,amy wood,0.0
competence,0.0,5.5,andre robinson,0.0
competence,0.0,5.375,andrew,0.0
competence,0.0,5.5,angela,0.0
competence,0.0,5.375,anne,0.0
competence,0.0,5.375,anthony,0.0
competence,0.0,5.5,antwan,0.0
competence,0.0,5.5,arjun kumar,0.0
competence,0.0,5.375,ashley,0.0
competence,0.0,5.25,asif sheikh,0.0
competence,0.0,5.25,austin,0.0
competence,0.0,5.25,ava,0.0
competence,0.0,4.25,babara,0.0
competence,0.0,5.375,barbara,0.0
competence,0.0,5.5,bill zhang,0.0
competence,0.0,5.125,brad,0.0
competence,0.0,5.25,bradley,0.0
competence,0.0,4.625,brandom,0.0
competence,0.0,5.25,brandon,0.0
competence,0.0,5.375,brenda,0.0
competence,0.0,5.25,brendan,0.0
competence,0.0,5.25,brett,0.0
competence,0.0,5.375,brianna,0.0
competence,0.0,5.375,carol,0.0
competence,0.0,5.5,carolyn,0.0
competence,0.0,5.375,carrie,0.0
competence,0.0,5.375,carrie johnson,0.0
competence,0.0,5.5,carrie martin,0.0
competence,0.0,5.25,chad,0.0
competence,0.0,4.125,chales,0.0
competence,0.0,5.25,charles,0.0
competence,0.0,5.25,chaudhry mohammad,0.0
competence,0.0,5.25,chloe,0.0
competence,0.0,5.375,christina,0.0
competence,0.0,4.375,chritine,0.0
competence,0.0,3.875,chrostopher,0.0
competence,0.0,5.375,claire kruger,0.0
competence,0.0,5.375,cody baker,0.0
competence,0.0,5.375,courtney,0.0
competence,0.0,5.375,cynthia,0.0
competence,0.0,5.375,daniel,0.0
competence,0.0,5.5,danielle,0.0
competence,0.0,5.5,darius jackson,0.0
competence,0.0,5.375,darnell,0.0
competence,0.0,5.5,david,0.0
competence,0.0,5.5,david schmitt,0.0
competence,0.0,5.375,dawn,0.0
competence,0.0,5.5,deandre washington,0.0
competence,0.0,5.375,deborah,0.0
competence,0.0,5.25,debra,0.0
competence,0.0,5.25,dennis,0.0
competence,0.0,5.5,deshawn jefferson,0.0
competence,0.0,5.5,diane,0.0
competence,0.0,5.25,donald,0.0
competence,0.0,5.5,dong liu,0.0
competence,0.0,5.375,donna,0.0
competence,0.0,5.375,donnell,0.0
competence,0.0,5.375,dorothy,0.0
competence,0.0,4.5,dziella lousaper,0.0
competence,0.0,5.375,ebony,0.0
competence,0.0,5.25,ebony booker,0.0
competence,0.0,5.5,ebony williams,0.0
competence,0.0,5.0,edona sanastroug,0.0
competence,0.0,5.125,edona sanatroug,0.0
competence,0.0,5.25,edward,0.0
competence,0.0,5.5,emily,0.0
competence,0.0,5.5,emily brown,0.0
competence,0.0,5.5,emma,0.0
competence,0.0,5.375,eric wang,0.0
competence,0.0,5.375,erin,0.0
competence,0.0,5.375,ethan,0.0
competence,0.0,5.375,fang wang,0.0
competence,0.0,5.5,fathia hassan,0.0
competence,0.0,5.5,fatima sheikh,0.0
competence,0.0,5.125,frank,0.0
competence,0.0,5.125,gadarine besnik,0.0
competence,0.0,5.25,geoffrey,0.0
competence,0.0,5.375,george,0.0
competence,0.0,5.25,greg,0.0
competence,0.0,5.375,greg johnson,0.0
competence,0.0,5.375,hakim,0.0
competence,0.0,5.375,hannah,0.0
competence,0.0,5.5,hassan khan,0.0
competence,0.0,5.5,heather,0.0
competence,0.0,5.375,hina chaudhry,0.0
competence,0.0,5.5,imani williams,0.0
competence,0.0,5.5,isabella,0.0
competence,0.0,5.5,jack li,0.0
competence,0.0,5.375,jacob,0.0
competence,0.0,5.375,jacob myers,0.0
competence,0.0,5.25,jake kelly,0.0
competence,0.0,5.5,jalen harris,0.0
competence,0.0,5.5,jamal,0.0
competence,0.0,5.625,james liu,0.0
competence,0.0,5.5,james yoder,0.0
competence,0.0,5.5,janet,0.0
competence,0.0,5.5,janice,0.0
competence,0.0,5.5,jasmine washington,0.0
competence,0.0,5.375,jason,0.0
competence,0.0,5.375,jay,0.0
competence,0.0,5.5,jeffrey,0.0
competence,0.0,5.5,jennifer,0.0
competence,0.0,5.625,jennifer li,0.0
competence,0.0,5.375,jeremy,0.0
competence,0.0,5.5,jermaine,0.0
competence,0.0,5.375,jerry,0.0
competence,0.0,5.375,jill,0.0
competence,0.0,5.5,jill wilson,0.0
competence,0.0,5.25,jilue,0.0
competence,0.0,5.375,joan,0.0
competence,0.0,5.375,john,0.0
competence,0.0,5.375,john martin,0.0
competence,0.0,5.375,john mueller,0.0
competence,0.0,5.375,jonathan,0.0
competence,0.0,5.25,jonathon,0.0
competence,0.0,5.375,joseph,0.0
competence,0.0,5.375,joshua,0.0
competence,0.0,5.375,joyce,0.0
competence,0.0,5.5,judith,0.0
competence,0.0,5.375,judy,0.0
competence,0.0,5.5,julie,0.0
competence,0.0,5.375,justin,0.0
competence,0.0,5.375,kareem,0.0
competence,0.0,5.375,karen,0.0
competence,0.0,5.5,kayla,0.0
competence,0.0,5.625,keisha,0.0
competence,0.0,5.375,kenneth,0.0
competence,0.0,5.25,kenya,0.0
competence,0.0,5.375,kevin,0.0
competence,0.0,5.25,khalid bahdoon,0.0
competence,0.0,4.75,kimberely,0.0
competence,0.0,5.375,kimberley,0.0
competence,0.0,5.5,kimberly,0.0
competence,0.0,5.375,kristen,0.0
competence,0.0,5.5,kristen smith,0.0
competence,0.0,5.25,kyle,0.0
competence,0.0,5.25,kyler,0.0
competence,0.0,5.375,lakeisha,0.0
competence,0.0,5.25,lakesha,0.0
competence,0.0,5.375,lakisha,0.0
competence,0.0,5.5,lakisha jones,0.0
competence,0.0,5.375,lamar,0.0
competence,0.0,5.375,lamont,0.0
competence,0.0,5.125,larry,0.0
competence,0.0,5.25,lashonda,0.0
competence,0.0,5.5,latasha,0.0
competence,0.0,5.5,latisha,0.0
competence,0.0,5.25,latonya,0.0
competence,0.0,5.5,latoya,0.0
competence,0.0,5.375,latoya brown,0.0
competence,0.0,5.625,lauren,0.0
competence,0.0,5.375,laurie,0.0
competence,0.0,5.125,laurie anderson,0.0
competence,0.0,5.375,lawanda,0.0
competence,0.0,5.375,lei li,0.0
competence,0.0,5.25,leroy,0.0
competence,0.0,5.375,linda,0.0
competence,0.0,5.375,lisa,0.0
competence,0.0,5.25,lori,0.0
competence,0.0,5.5,lucas peterson,0.0
competence,0.0,5.125,lukas minsopoulos,0.0
competence,0.0,5.25,mack,0.0
competence,0.0,5.0,mamuud irshad,0.0
competence,0.0,5.5,margaret,0.0
competence,0.0,5.375,mark,0.0
competence,0.0,5.25,marquis,0.0
competence,0.0,5.5,mary,0.0
competence,0.0,5.375,matthew,0.0
competence,0.0,5.5,matthew wilson,0.0
competence,0.0,5.375,maurice,0.0
competence,0.0,5.5,may,0.0
competence,0.0,5.75,maya kumar,0.0
competence,0.0,5.5,megan,0.0
competence,0.0,5.5,melissa,0.0
competence,0.0,5.25,meredith,0.0
competence,0.0,5.5,meredith miller,0.0
competence,0.0,5.375,michael schwartz,0.0
competence,0.0,5.5,michael smith,0.0
competence,0.0,5.125,michell,0.0
competence,0.0,5.5,michelle,0.0
competence,0.0,5.5,michelle wang,0.0
competence,0.0,5.5,min liu,0.0
competence,0.0,5.25,misty,0.0
competence,0.0,5.5,monica liu,0.0
competence,0.0,5.375,na li,0.0
competence,0.0,5.375,nancy,0.0
competence,0.0,5.25,natalie,0.0
competence,0.0,5.25,nathan,0.0
competence,0.0,5.25,neil,0.0
competence,0.0,5.375,nia jackson,0.0
competence,0.0,5.125,nicole minsopoulos,0.0
competence,0.0,5.5,pamela,0.0
competence,0.0,5.25,panav singh,0.0
competence,0.0,5.5,patrice,0.0
competence,0.0,5.375,patricia,0.0
competence,0.0,5.375,paul,0.0
competence,0.0,5.25,phillips,0.0
competence,0.0,5.625,priyanka kaur,0.0
competence,0.0,5.375,qahhar kazim,0.0
competence,0.0,5.25,rabab saeed,0.0
competence,0.0,5.5,rachel,0.0
competence,0.0,5.0,rahul kaur,0.0
competence,0.0,5.375,rasheed,0.0
competence,0.0,5.5,rebecca,0.0
competence,0.0,5.375,reginald,0.0
competence,0.0,5.375,richard,0.0
competence,0.0,5.375,robert,0.0
competence,0.0,5.375,robert krueger,0.0
competence,0.0,5.375,roderick,0.0
competence,0.0,5.375,rose,0.0
competence,0.0,5.375,ryan,0.0
competence,0.0,5.5,samantha,0.0
competence,0.0,5.5,samir sharma,0.0
competence,0.0,5.625,sana khan,0.0
competence,0.0,5.5,sandra,0.0
competence,0.0,5.5,sarah,0.0
competence,0.0,5.5,sarah davis,0.0
competence,0.0,5.25,scott,0.0
competence,0.0,5.5,shakir imtiaz,0.0
competence,0.0,5.375,shannon,0.0
competence,0.0,5.375,sharon,0.0
competence,0.0,5.375,shirley,0.0
competence,0.0,5.5,shreya sharma,0.0
competence,0.0,5.25,sofiko kushtrim,0.0
competence,0.0,3.25,steohen,0.0
competence,0.0,5.5,stephanie,0.0
competence,0.0,5.25,stephen,0.0
competence,0.0,5.375,steven,0.0
competence,0.0,5.5,susan,0.0
competence,0.0,5.375,tameka,0.0
competence,0.0,5.5,tamika,0.0
competence,0.0,5.375,tammy,0.0
competence,0.0,5.375,tanisha,0.0
competence,0.0,5.375,tanisha white,0.0
competence,0.0,5.375,tao wang,0.0
competence,0.0,5.5,tara singh,0.0
competence,0.0,5.5,tawanda,0.0
competence,0.0,5.375,teresa,0.0
competence,0.0,5.375,terrance,0.0
competence,0.0,5.25,terrell,0.0
competence,0.0,5.375,thomas,0.0
competence,0.0,5.375,timothy,0.0
competence,0.0,4.625,timoty,0.0
competence,0.0,5.25,todd,0.0
competence,0.0,5.375,tomeka,0.0
competence,0.0,5.375,tracy,0.0
competence,0.0,5.25,tremayne,0.0
competence,0.0,5.25,tyler,0.0
competence,0.0,5.25,tyrone,0.0
competence,0.0,5.375,victoria,0.0
competence,0.0,5.625,vivian zhang,0.0
competence,0.0,5.0,wiliam,0.0
competence,0.0,5.375,william,0.0
competence,0.0,5.25,william novak,0.0
competence,0.0,5.5,xavier washington,0.0
competence,0.0,5.375,xiuying zhang,0.0
competence,0.0,5.375,yong zhang,0.0
competence,0.0,5.375,zachary,0.0
competence,0.75,6.375,aaliyah jackson,0.25
competence,0.875,6.0,aasha waabberi,0.25
competence,0.625,6.0,abd al-hakiim amar,0.25
competence,0.875,6.25,abdullah abukar,0.25
competence,0.625,6.125,abigail,0.25
competence,0.875,6.0,abigale,0.25
competence,0.625,6.0,abu amjad khazin,0.25
competence,0.875,6.25,adam,0.25
competence,0.875,6.0,aferdita dzaghig,0.25
competence,0.875,5.75,afredita dzaghig,0.25
competence,0.625,6.25,aisha,0.25
competence,0.75,5.375,al-malik khalil,0.25
competence,0.75,6.0,alexander,0.25
competence,0.75,6.125,alexis,0.25
competence,0.75,6.125,ali saeed,0.25
competence,0.625,6.25,alison johnson,0.25
competence,0.75,6.0,allen wang,0.25
competence,0.75,6.25,allison,0.25
competence,0.75,6.125,amanda,0.25
competence,0.75,6.125,amber,0.25
competence,0.75,6.25,amber sullivan,0.25
competence,0.625,6.125,amy,0.25
competence,0.625,6.125,amy rasmussen,0.25
competence,0.875,6.25,amy wang,0.25
competence,0.75,6.125,amy wood,0.25
competence,0.75,6.25,andre robinson,0.25
competence,0.75,6.125,andrew,0.25
competence,0.75,6.25,angela,0.25
competence,0.875,6.25,anne,0.25
competence,0.625,6.0,anthony,0.25
competence,0.625,6.125,antwan,0.25
competence,0.625,6.125,arjun kumar,0.25
competence,0.75,6.125,ashley,0.25
competence,0.75,6.0,asif sheikh,0.25
competence,0.875,6.125,austin,0.25
competence,0.875,6.125,ava,0.25
competence,0.75,5.0,babara,0.25
competence,0.75,6.125,barbara,0.25
competence,0.625,6.125,bill zhang,0.25
competence,0.875,6.0,brad,0.25
competence,0.625,5.875,bradley,0.25
competence,0.75,5.375,brandom,0.25
competence,0.75,6.0,brandon,0.25
competence,0.75,6.125,brenda,0.25
competence,0.75,6.0,brendan,0.25
competence,0.75,6.0,brett,0.25
competence,0.75,6.125,brianna,0.25
competence,0.75,6.125,carol,0.25
competence,0.625,6.125,carolyn,0.25
competence,0.75,6.125,carrie,0.25
competence,0.75,6.125,carrie johnson,0.25
competence,0.625,6.125,carrie martin,0.25
competence,0.75,6.0,chad,0.25
competence,0.25,4.375,chales,0.25
competence,0.75,6.0,charles,0.25
competence,0.75,6.0,chaudhry mohammad,0.25
competence,0.75,6.0,chloe,0.25
competence,0.75,6.125,christina,0.25
competence,0.875,5.25,chritine,0.25
competence,1.125,5.0,chrostopher,0.25
competence,0.75,6.125,claire kruger,0.25
competence,0.625,6.0,cody baker,0.25
competence,0.75,6.125,courtney,0.25
competence,0.75,6.125,cynthia,0.25
competence,0.75,6.125,daniel,0.25
competence,0.75,6.25,danielle,0.25
competence,0.75,6.25,darius jackson,0.25
competence,0.75,6.125,darnell,0.25
competence,0.75,6.25,david,0.25
competence,0.625,6.125,david schmitt,0.25
competence,0.75,6.125,dawn,0.25
competence,0.5,6.0,deandre washington,0.25
competence,0.75,6.125,deborah,0.25
competence,0.75,6.0,debra,0.25
competence,0.625,5.875,dennis,0.25
competence,0.75,6.25,deshawn jefferson,0.25
competence,0.625,6.125,diane,0.25
competence,0.75,6.0,donald,0.25
competence,0.5,6.0,dong liu,0.25
competence,0.75,6.125,donna,0.25
competence,0.625,6.0,donnell,0.25
competence,0.75,6.125,dorothy,0.25
competence,0.625,5.125,dziella lousaper,0.25
competence,0.75,6.125,ebony,0.25
competence,0.75,6.0,ebony booker,0.25
competence,0.625,6.125,ebony williams,0.25
competence,0.875,5.875,edona sanastroug,0.25
competence,0.75,5.875,edona sanatroug,0.25
competence,0.75,6.0,edward,0.25
competence,0.75,6.25,emily,0.25
competence,0.75,6.25,emily brown,0.25
competence,0.75,6.25,emma,0.25
competence,0.75,6.125,eric wang,0.25
competence,0.875,6.25,erin,0.25
competence,0.625,6.0,ethan,0.25
competence,0.625,6.0,fang wang,0.25
competence,0.625,6.125,fathia hassan,0.25
competence,0.75,6.25,fatima sheikh,0.25
competence,0.625,5.75,frank,0.25
competence,0.875,6.0,gadarine besnik,0.25
competence,0.75,6.0,geoffrey,0.25
competence,0.625,6.0,george,0.25
competence,0.875,6.125,greg,0.25
competence,0.75,6.125,greg johnson,0.25
competence,0.75,6.125,hakim,0.25
competence,0.875,6.25,hannah,0.25
competence,0.625,6.125,hassan khan,0.25
competence,0.75,6.25,heather,0.25
competence,0.75,6.125,hina chaudhry,0.25
competence,0.75,6.25,imani williams,0.25
competence,0.75,6.25,isabella,0.25
competence,0.75,6.25,jack li,0.25
competence,0.625,6.0,jacob,0.25
competence,0.75,6.125,jacob myers,0.25
competence,0.75,6.0,jake kelly,0.25
competence,0.75,6.25,jalen harris,0.25
competence,0.625,6.125,jamal,0.25
competence,0.5,6.125,james liu,0.25
competence,0.625,6.125,james yoder,0.25
competence,0.5,6.0,janet,0.25
competence,0.75,6.25,janice,0.25
competence,0.75,6.25,jasmine washington,0.25
competence,0.75,6.125,jason,0.25
competence,0.75,6.125,jay,0.25
competence,0.625,6.125,jeffrey,0.25
competence,0.75,6.25,jennifer,0.25
competence,0.75,6.375,jennifer li,0.25
competence,0.75,6.125,jeremy,0.25
competence,0.625,6.125,jermaine,0.25
competence,0.625,6.0,jerry,0.25
competence,0.875,6.25,jill,0.25
competence,0.625,6.125,jill wilson,0.25
competence,0.625,5.875,jilue,0.25
competence,0.75,6.125,joan,0.25
competence,0.75,6.125,john,0.25
competence,0.75,6.125,john martin,0.25
competence,0.625,6.0,john mueller,0.25
competence,0.75,6.125,jonathan,0.25
competence,0.75,6.0,jonathon,0.25
competence,0.75,6.125,joseph,0.25
competence,0.75,6.125,joshua,0.25
competence,0.75,6.125,joyce,0.25
competence,0.625,6.125,judith,0.25
competence,0.75,6.125,judy,0.25
competence,0.75,6.25,julie,0.25
competence,0.625,6.0,justin,0.25
competence,0.625,6.0,kareem,0.25
competence,0.75,6.125,karen,0.25
competence,0.625,6.125,kayla,0.25
competence,0.625,6.25,keisha,0.25
competence,0.625,6.0,kenneth,0.25
competence,0.75,6.0,kenya,0.25
competence,0.75,6.125,kevin,0.25
competence,0.875,6.125,khalid bahdoon,0.25
competence,0.75,5.5,kimberely,0.25
competence,0.75,6.125,kimberley,0.25
competence,0.625,6.125,kimberly,0.25
competence,0.875,6.25,kristen,0.25
competence,0.625,6.125,kristen smith,0.25
competence,0.875,6.125,kyle,0.25
competence,0.875,6.125,kyler,0.25
competence,0.75,6.125,lakeisha,0.25
competence,0.875,6.125,lakesha,0.25
competence,0.875,6.25,lakisha,0.25
competence,0.625,6.125,lakisha jones,0.25
competence,0.625,6.0,lamar,0.25
competence,0.625,6.0,lamont,0.25
competence,0.75,5.875,larry,0.25
competence,0.875,6.125,lashonda,0.25
competence,0.625,6.125,latasha,0.25
competence,0.625,6.125,latisha,0.25
competence,0.75,6.0,latonya,0.25
competence,0.75,6.25,latoya,0.25
competence,0.75,6.125,latoya brown,0.25
competence,0.75,6.375,lauren,0.25
competence,0.75,6.125,laurie,0.25
competence,0.625,5.75,laurie anderson,0.25
competence,0.625,6.0,lawanda,0.25
competence,0.75,6.125,lei li,0.25
competence,0.75,6.0,leroy,0.25
competence,0.875,6.25,linda,0.25
competence,0.75,6.125,lisa,0.25
competence,0.875,6.125,lori,0.25
competence,0.625,6.125,lucas peterson,0.25
competence,0.875,6.0,lukas minsopoulos,0.25
competence,0.75,6.0,mack,0.25
competence,0.875,5.875,mamuud irshad,0.25
competence,0.625,6.125,margaret,0.25
competence,0.875,6.25,mark,0.25
competence,0.75,6.0,marquis,0.25
competence,0.625,6.125,mary,0.25
competence,0.75,6.125,matthew,0.25
competence,0.75,6.25,matthew wilson,0.25
competence,0.625,6.0,maurice,0.25
competence,0.75,6.25,may,0.25
competence,0.5,6.25,maya kumar,0.25
competence,0.875,6.375,megan,0.25
competence,0.625,6.125,melissa,0.25
competence,0.875,6.125,meredith,0.25
competence,0.75,6.25,meredith miller,0.25
competence,0.75,6.125,michael schwartz,0.25
competence,0.625,6.125,michael smith,0.25
competence,0.75,5.875,michell,0.25
competence,0.75,6.25,michelle,0.25
competence,0.75,6.25,michelle wang,0.25
competence,0.5,6.0,min liu,0.25
competence,0.75,6.0,misty,0.25
competence,0.75,6.25,monica liu,0.25
competence,0.625,6.0,na li,0.25
competence,0.75,6.125,nancy,0.25
competence,1.0,6.25,natalie,0.25
competence,0.75,6.0,nathan,0.25
competence,0.75,6.0,neil,0.25
competence,0.75,6.125,nia jackson,0.25
competence,0.75,5.875,nicole minsopoulos,0.25
competence,0.75,6.25,pamela,0.25
competence,0.625,5.875,panav singh,0.25
competence,0.75,6.25,patrice,0.25
competence,0.875,6.25,patricia,0.25
competence,0.75,6.125,paul,0.25
competence,0.625,5.875,phillips,0.25
competence,0.625,6.25,priyanka kaur,0.25
competence,0.625,6.0,qahhar kazim,0.25
competence,0.75,6.0,rabab saeed,0.25
competence,0.75,6.25,rachel,0.25
competence,0.875,5.875,rahul kaur,0.25
competence,0.75,6.125,rasheed,0.25
competence,0.625,6.125,rebecca,0.25
competence,0.625,6.0,reginald,0.25
competence,0.625,6.0,richard,0.25
competence,0.75,6.125,robert,0.25
competence,0.625,6.0,robert krueger,0.25
competence,0.625,6.0,roderick,0.25
competence,0.75,6.125,rose,0.25
competence,0.75,6.125,ryan,0.25
competence,0.875,6.375,samantha,0.25
competence,0.75,6.25,samir sharma,0.25
competence,0.75,6.375,sana khan,0.25
competence,0.875,6.375,sandra,0.25
competence,0.875,6.375,sarah,0.25
competence,0.75,6.25,sarah davis,0.25
competence,0.625,5.875,scott,0.25
competence,0.75,6.25,shakir imtiaz,0.25
competence,0.875,6.25,shannon,0.25
competence,0.75,6.125,sharon,0.25
competence,0.625,6.0,shirley,0.25
competence,0.75,6.25,shreya sharma,0.25
competence,0.625,5.875,sofiko kushtrim,0.25
competence,0.375,3.625,steohen,0.25
competence,0.75,6.25,stephanie,0.25
competence,0.875,6.125,stephen,0.25
competence,0.625,6.0,steven,0.25
competence,0.625,6.125,susan,0.25
competence,0.75,6.125,tameka,0.25
competence,0.75,6.25,tamika,0.25
competence,0.75,6.125,tammy,0.25
competence,0.875,6.25,tanisha,0.25
competence,0.875,6.25,tanisha white,0.25
competence,0.625,6.0,tao wang,0.25
competence,0.75,6.25,tara singh,0.25
competence,0.625,6.125,tawanda,0.25
competence,0.625,6.0,teresa,0.25
competence,0.75,6.125,terrance,0.25
competence,0.625,5.875,terrell,0.25
competence,0.75,6.125,thomas,0.25
competence,0.625,6.0,timothy,0.25
competence,0.875,5.5,timoty,0.25
competence,0.625,5.875,todd,0.25
competence,0.75,6.125,tomeka,0.25
competence,0.75,6.125,tracy,0.25
competence,0.75,6.0,tremayne,0.25
competence,0.75,6.0,tyler,0.25
competence,0.875,6.125,tyrone,0.25
competence,0.75,6.125,victoria,0.25
competence,0.75,6.375,vivian zhang,0.25
competence,0.625,5.625,wiliam,0.25
competence,0.625,6.0,william,0.25
competence,0.75,6.0,william novak,0.25
competence,0.625,6.125,xavier washington,0.25
competence,0.5,5.875,xiuying zhang,0.25
competence,0.625,6.0,yong zhang,0.25
competence,0.75,6.125,zachary,0.25
competence,1.0,6.625,aaliyah jackson,0.5
competence,1.25,6.375,aasha waabberi,0.5
competence,1.125,6.5,abd al-hakiim amar,0.5
competence,1.125,6.5,abdullah abukar,0.5
competence,1.0,6.5,abigail,0.5
competence,1.25,6.375,abigale,0.5
competence,1.0,6.375,abu amjad khazin,0.5
competence,1.125,6.5,adam,0.5
competence,1.375,6.5,aferdita dzaghig,0.5
competence,1.375,6.25,afredita dzaghig,0.5
competence,0.875,6.5,aisha,0.5
competence,1.125,5.75,al-malik khalil,0.5
competence,1.125,6.375,alexander,0.5
competence,1.125,6.5,alexis,0.5
competence,1.125,6.5,ali saeed,0.5
competence,1.0,6.625,alison johnson,0.5
competence,1.125,6.375,allen wang,0.5
competence,1.0,6.5,allison,0.5
competence,1.25,6.625,amanda,0.5
competence,1.125,6.5,amber,0.5
competence,1.125,6.625,amber sullivan,0.5
competence,0.875,6.375,amy,0.5
competence,1.0,6.5,amy rasmussen,0.5
competence,1.125,6.5,amy wang,0.5
competence,1.0,6.375,amy wood,0.5
competence,1.0,6.5,andre robinson,0.5
competence,1.0,6.375,andrew,0.5
competence,1.0,6.5,angela,0.5
competence,1.125,6.5,anne,0.5
competence,1.0,6.375,anthony,0.5
competence,1.0,6.5,antwan,0.5
competence,1.125,6.625,arjun kumar,0.5
competence,1.125,6.5,ashley,0.5
competence,1.125,6.375,asif sheikh,0.5
competence,1.125,6.375,austin,0.5
competence,1.25,6.5,ava,0.5
competence,1.5,5.75,babara,0.5
competence,1.0,6.375,barbara,0.5
competence,0.875,6.375,bill zhang,0.5
competence,1.125,6.25,brad,0.5
competence,1.0,6.25,bradley,0.5
competence,1.375,6.0,brandom,0.5
competence,1.125,6.375,brandon,0.5
competence,1.125,6.5,brenda,0.5
competence,1.125,6.375,brendan,0.5
competence,1.125,6.375,brett,0.5
competence,1.0,6.375,brianna,0.5
competence,1.0,6.375,carol,0.5
competence,0.875,6.375,carolyn,0.5
competence,1.125,6.5,carrie,0.5
competence,1.0,6.375,carrie johnson,0.5
competence,1.0,6.5,carrie martin,0.5
competence,1.0,6.25,chad,0.5
competence,1.375,5.5,chales,0.5
competence,1.125,6.375,charles,0.5
competence,1.125,6.375,chaudhry mohammad,0.5
competence,1.125,6.375,chloe,0.5
competence,1.125,6.5,christina,0.5
competence,1.5,5.875,chritine,0.5
competence,1.875,5.75,chrostopher,0.5
competence,1.0,6.375,claire kruger,0.5
competence,0.875,6.25,cody baker,0.5
competence,1.0,6.375,courtney,0.5
competence,1.0,6.375,cynthia,0.5
competence,1.0,6.375,daniel,0.5
competence,0.875,6.375,danielle,0.5
competence,1.0,6.5,darius jackson,0.5
competence,1.125,6.5,darnell,0.5
competence,0.875,6.375,david,0.5
competence,0.875,6.375,david schmitt,0.5
competence,1.125,6.5,dawn,0.5
competence,1.0,6.5,deandre washington,0.5
competence,1.125,6.5,deborah,0.5
competence,1.25,6.5,debra,0.5
competence,1.0,6.25,dennis,0.5
competence,1.0,6.5,deshawn jefferson,0.5
competence,0.875,6.375,diane,0.5
competence,1.0,6.25,donald,0.5
competence,1.0,6.5,dong liu,0.5
competence,0.875,6.25,donna,0.5
competence,1.0,6.375,donnell,0.5
competence,1.0,6.375,dorothy,0.5
competence,1.25,5.75,dziella lousaper,0.5
competence,1.0,6.375,ebony,0.5
competence,1.125,6.375,ebony booker,0.5
competence,0.875,6.375,ebony williams,0.5
competence,1.25,6.25,edona sanastroug,0.5
competence,1.125,6.25,edona sanatroug,0.5
competence,1.125,6.375,edward,0.5
competence,1.0,6.5,emily,0.5
competence,1.125,6.625,emily brown,0.5
competence,1.0,6.5,emma,0.5
competence,1.0,6.375,eric wang,0.5
competence,1.125,6.5,erin,0.5
competence,1.125,6.5,ethan,0.5
competence,1.0,6.375,fang wang,0.5
competence,1.0,6.5,fathia hassan,0.5
competence,1.0,6.5,fatima sheikh,0.5
competence,1.0,6.125,frank,0.5
competence,1.125,6.25,gadarine besnik,0.5
competence,1.0,6.25,geoffrey,0.5
competence,1.0,6.375,george,0.5
competence,1.125,6.375,greg,0.5
competence,1.0,6.375,greg johnson,0.5
competence,1.125,6.5,hakim,0.5
competence,1.125,6.5,hannah,0.5
competence,1.0,6.5,hassan khan,0.5
competence,1.0,6.5,heather,0.5
competence,1.125,6.5,hina chaudhry,0.5
competence,1.0,6.5,imani williams,0.5
competence,1.0,6.5,isabella,0.5
competence,1.0,6.5,jack li,0.5
competence,0.875,6.25,jacob,0.5
competence,1.0,6.375,jacob myers,0.5
competence,1.125,6.375,jake kelly,0.5
competence,0.875,6.375,jalen harris,0.5
competence,1.0,6.5,jamal,0.5
competence,0.875,6.5,james liu,0.5
competence,1.0,6.5,james yoder,0.5
competence,1.0,6.5,janet,0.5
competence,1.125,6.625,janice,0.5
competence,1.0,6.5,jasmine washington,0.5
competence,1.0,6.375,jason,0.5
competence,1.0,6.375,jay,0.5
competence,0.875,6.375,jeffrey,0.5
competence,1.0,6.5,jennifer,0.5
competence,1.0,6.625,jennifer li,0.5
competence,0.875,6.25,jeremy,0.5
competence,1.0,6.5,jermaine,0.5
competence,0.875,6.25,jerry,0.5
competence,1.125,6.5,jill,0.5
competence,1.125,6.625,jill wilson,0.5
competence,1.125,6.375,jilue,0.5
competence,1.0,6.375,joan,0.5
competence,1.125,6.5,john,0.5
competence,1.125,6.5,john martin,0.5
competence,1.0,6.375,john mueller,0.5
competence,1.0,6.375,jonathan,0.5
competence,1.125,6.375,jonathon,0.5
competence,0.875,6.25,joseph,0.5
competence,0.875,6.25,joshua,0.5
competence,1.0,6.375,joyce,0.5
competence,0.875,6.375,judith,0.5
competence,1.125,6.5,judy,0.5
competence,1.0,6.5,julie,0.5
competence,0.875,6.25,justin,0.5
competence,1.0,6.375,kareem,0.5
competence,1.0,6.375,karen,0.5
competence,0.875,6.375,kayla,0.5
competence,0.875,6.5,keisha,0.5
competence,1.0,6.375,kenneth,0.5
competence,1.125,6.375,kenya,0.5
competence,1.0,6.375,kevin,0.5
competence,1.125,6.375,khalid bahdoon,0.5
competence,1.25,6.0,kimberely,0.5
competence,1.0,6.375,kimberley,0.5
competence,0.875,6.375,kimberly,0.5
competence,1.125,6.5,kristen,0.5
competence,1.0,6.5,kristen smith,0.5
competence,1.125,6.375,kyle,0.5
competence,1.0,6.25,kyler,0.5
competence,1.0,6.375,lakeisha,0.5
competence,1.125,6.375,lakesha,0.5
competence,1.25,6.625,lakisha,0.5
competence,1.0,6.5,lakisha jones,0.5
competence,1.0,6.375,lamar,0.5
competence,1.125,6.5,lamont,0.5
competence,1.0,6.125,larry,0.5
competence,1.25,6.5,lashonda,0.5
competence,0.875,6.375,latasha,0.5
competence,0.875,6.375,latisha,0.5
competence,1.125,6.375,latonya,0.5
competence,0.875,6.375,latoya,0.5
competence,1.0,6.375,latoya brown,0.5
competence,1.0,6.625,lauren,0.5
competence,1.125,6.5,laurie,0.5
competence,1.0,6.125,laurie anderson,0.5
competence,1.0,6.375,lawanda,0.5
competence,1.0,6.375,lei li,0.5
competence,1.0,6.25,leroy,0.5
competence,1.125,6.5,linda,0.5
competence,1.125,6.5,lisa,0.5
competence,1.125,6.375,lori,0.5
competence,0.875,6.375,lucas peterson,0.5
competence,1.25,6.375,lukas minsopoulos,0.5
competence,1.125,6.375,mack,0.5
competence,1.375,6.375,mamuud irshad,0.5
competence,0.875,6.375,margaret,0.5
competence,1.0,6.375,mark,0.5
competence,1.0,6.25,marquis,0.5
competence,1.0,6.5,mary,0.5
competence,1.0,6.375,matthew,0.5
competence,1.0,6.5,matthew wilson,0.5
competence,1.0,6.375,maurice,0.5
competence,1.0,6.5,may,0.5
competence,0.75,6.5,maya kumar,0.5
competence,1.125,6.625,megan,0.5
competence,0.875,6.375,melissa,0.5
competence,1.25,6.5,meredith,0.5
competence,1.0,6.5,meredith miller,0.5
competence,1.125,6.5,michael schwartz,0.5
competence,1.125,6.625,michael smith,0.5
competence,1.125,6.25,michell,0.5
competence,1.0,6.5,michelle,0.5
competence,1.0,6.5,michelle wang,0.5
competence,1.0,6.5,min liu,0.5
competence,1.125,6.375,misty,0.5
competence,1.0,6.5,monica liu,0.5
competence,1.0,6.375,na li,0.5
competence,1.0,6.375,nancy,0.5
competence,1.25,6.5,natalie,0.5
competence,1.0,6.25,nathan,0.5
competence,1.125,6.375,neil,0.5
competence,1.125,6.5,nia jackson,0.5
competence,1.25,6.375,nicole minsopoulos,0.5
competence,1.125,6.625,pamela,0.5
competence,1.125,6.375,panav singh,0.5
competence,1.0,6.5,patrice,0.5
competence,1.125,6.5,patricia,0.5
competence,1.0,6.375,paul,0.5
competence,0.875,6.125,phillips,0.5
competence,0.875,6.5,priyanka kaur,0.5
competence,1.0,6.375,qahhar kazim,0.5
competence,1.25,6.5,rabab saeed,0.5
competence,1.0,6.5,rachel,0.5
competence,1.25,6.25,rahul kaur,0.5
competence,1.125,6.5,rasheed,0.5
competence,1.0,6.5,rebecca,0.5
competence,1.0,6.375,reginald,0.5
competence,0.875,6.25,richard,0.5
competence,1.0,6.375,robert,0.5
competence,1.0,6.375,robert krueger,0.5
competence,1.0,6.375,roderick,0.5
competence,1.125,6.5,rose,0.5
competence,1.0,6.375,ryan,0.5
competence,1.125,6.625,samantha,0.5
competence,1.125,6.625,samir sharma,0.5
competence,0.875,6.5,sana khan,0.5
competence,1.0,6.5,sandra,0.5
competence,1.125,6.625,sarah,0.5
competence,1.125,6.625,sarah davis,0.5
competence,1.125,6.375,scott,0.5
competence,1.0,6.5,shakir imtiaz,0.5
competence,1.125,6.5,shannon,0.5
competence,1.0,6.375,sharon,0.5
competence,1.0,6.375,shirley,0.5
competence,1.125,6.625,shreya sharma,0.5
competence,1.125,6.375,sofiko kushtrim,0.5
competence,1.625,4.875,steohen,0.5
competence,1.0,6.5,stephanie,0.5
competence,1.0,6.25,stephen,0.5
competence,0.875,6.25,steven,0.5
competence,1.0,6.5,susan,0.5
competence,1.125,6.5,tameka,0.5
competence,0.875,6.375,tamika,0.5
competence,1.125,6.5,tammy,0.5
competence,1.125,6.5,tanisha,0.5
competence,1.125,6.5,tanisha white,0.5
competence,1.0,6.375,tao wang,0.5
competence,0.875,6.375,tara singh,0.5
competence,1.0,6.5,tawanda,0.5
competence,1.0,6.375,teresa,0.5
competence,1.0,6.375,terrance,0.5
competence,1.125,6.375,terrell,0.5
competence,1.125,6.5,thomas,0.5
competence,0.875,6.25,timothy,0.5
competence,1.375,6.0,timoty,0.5
competence,1.0,6.25,todd,0.5
competence,1.0,6.375,tomeka,0.5
competence,1.125,6.5,tracy,0.5
competence,1.125,6.375,tremayne,0.5
competence,1.0,6.25,tyler,0.5
competence,1.125,6.375,tyrone,0.5
competence,1.0,6.375,victoria,0.5
competence,1.125,6.75,vivian zhang,0.5
competence,1.25,6.25,wiliam,0.5
competence,1.0,6.375,william,0.5
competence,1.125,6.375,william novak,0.5
competence,0.875,6.375,xavier washington,0.5
competence,1.0,6.375,xiuying zhang,0.5
competence,1.125,6.5,yong zhang,0.5
competence,1.0,6.375,zachary,0.5
