mode,axis,direction,strength,effect,ci_low,ci_high,n_stories,n_topics,judgment_axis,steering_axis,direction_type,random_id,vector_kind
baseline,warmth,accuracy,,1.0,1.0,1.0,20,10,warmth,,accuracy,,raw
baseline,warmth,high_low_margin_gap,,44.5625,43.91875,45.13125,20,10,warmth,,high_low_margin_gap,,raw
baseline,competence,accuracy,,1.0,1.0,1.0,20,10,competence,,accuracy,,raw
baseline,competence,high_low_margin_gap,,42.840625,42.321796875,43.3875,20,10,competence,,high_low_margin_gap,,raw
steering,competence,competence,-0.1,-0.2671875,-0.36875,-0.15625,20,10,competence,competence,target,,raw
steering,competence,competence,-0.05,-0.10625,-0.234375,0.021875,20,10,competence,competence,target,,raw
steering,competence,competence,0.0,0.0,0.0,0.0,20,10,competence,competence,target,,raw
steering,competence,competence,0.05,0.0203125,-0.06566406249999994,0.1171875,20,10,competence,competence,target,,raw
steering,competence,competence,0.1,-0.06875,-0.184375,0.06253906249999978,20,10,competence,competence,target,,raw
steering,competence,random_000,-0.1,-2.78173828125,-3.220517578125,-2.39340576171875,20,10,competence,,random,000,raw
steering,competence,random_000,-0.05,-0.0171875,-0.4531640624999999,0.3781640624999998,20,10,competence,,random,000,raw
steering,competence,random_000,0.0,0.0,0.0,0.0,20,10,competence,,random,000,raw
steering,competence,random_000,0.05,1.369091796875,0.5712316894531251,2.2769207763671866,20,10,competence,,random,000,raw
steering,competence,random_000,0.1,0.13095512390136718,-0.8802978610992431,1.0897208213806149,20,10,competence,,random,000,raw
steering,competence,random_001,-0.1,6.72734375,6.4062304687500005,7.0578125,20,10,competence,,random,001,raw
steering,competence,random_001,-0.05,8.287841796875,7.658160400390625,8.879136962890625,20,10,competence,,random,001,raw
steering,competence,random_001,0.0,0.0,0.0,0.0,20,10,competence,,random,001,raw
steering,competence,random_001,0.05,0.35751953125,-0.25293945312499966,0.9734838867187497,20,10,competence,,random,001,raw
steering,competence,random_001,0.1,-3.14263916015625,-3.945101623535156,-2.4499707031250004,20,10,competence,,random,001,raw
steering,competence,random_002,-0.1,-6.221685791015625,-7.045694122314453,-5.503437957763672,20,10,competence,,random,002,raw
steering,competence,random_002,-0.05,0.28017578125,-0.5226074218749998,0.9953125,20,10,competence,,random,002,raw
steering,competence,random_002,0.0,0.0,0.0,0.0,20,10,competence,,random,002,raw
steering,competence,random_002,0.05,-8.28310546875,-8.948056640625,-7.43570556640625,20,10,competence,,random,002,raw
steering,competence,random_002,0.1,-8.42734375,-9.165253906250001,-7.7034375,20,10,competence,,random,002,raw
steering,competence,random_003,-0.1,-6.12890625,-6.799238281249999,-5.381953125,20,10,competence,,random,003,raw
steering,competence,random_003,-0.05,2.6734375,2.087490234375,3.262548828125,20,10,competence,,random,003,raw
steering,competence,random_003,0.0,0.0,0.0,0.0,20,10,competence,,random,003,raw
steering,competence,random_003,0.05,4.9775390625,4.3091650390625,5.689658203125,20,10,competence,,random,003,raw
steering,competence,random_003,0.1,0.277734375,-0.8187670898437498,1.4347851562499994,20,10,competence,,random,003,raw
steering,competence,random_004,-0.1,6.3115234375,5.736240234375,6.909599609374999,20,10,competence,,random,004,raw
steering,competence,random_004,-0.05,2.579052734375,1.2082678222656251,4.014368896484375,20,10,competence,,random,004,raw
steering,competence,random_004,0.0,0.0,0.0,0.0,20,10,competence,,random,004,raw
steering,competence,random_004,0.05,-2.98038330078125,-3.5132232666015626,-2.4740875244140628,20,10,competence,,random,004,raw
steering,competence,random_004,0.1,-2.9453125,-3.6515625,-2.1765234375,20,10,competence,,random,004,raw
steering,competence,random_005,-0.1,4.9376708984375,4.403828125,5.5131988525390625,20,10,competence,,random,005,raw
steering,competence,random_005,-0.05,-2.9076171875,-3.5643408203125,-2.2671875,20,10,competence,,random,005,raw
steering,competence,random_005,0.0,0.0,0.0,0.0,20,10,competence,,random,005,raw
steering,competence,random_005,0.05,3.3765625,2.9768652343750004,3.7414160156249996,20,10,competence,,random,005,raw
steering,competence,random_005,0.1,-2.34525146484375,-2.9422250366210934,-1.6996417236328127,20,10,competence,,random,005,raw
steering,competence,random_006,-0.1,4.3546875,3.3625,5.4453515625,20,10,competence,,random,006,raw
steering,competence,random_006,-0.05,1.9078125,1.4593359375000001,2.2609375,20,10,competence,,random,006,raw
steering,competence,random_006,0.0,0.0,0.0,0.0,20,10,competence,,random,006,raw
steering,competence,random_006,0.05,0.34921875,-0.16650390624999983,0.8734570312499998,20,10,competence,,random,006,raw
steering,competence,random_006,0.1,-2.9805908203125,-3.2944305419921873,-2.705985717773437,20,10,competence,,random,006,raw
steering,competence,random_007,-0.1,-1.534375,-2.20953125,-0.8765234375000003,20,10,competence,,random,007,raw
steering,competence,random_007,-0.05,-6.4138671875,-6.9287548828125,-5.9341748046875,20,10,competence,,random,007,raw
steering,competence,random_007,0.0,0.0,0.0,0.0,20,10,competence,,random,007,raw
steering,competence,random_007,0.05,7.92322998046875,7.459905395507813,8.359220886230467,20,10,competence,,random,007,raw
steering,competence,random_007,0.1,7.2849609375,6.90404296875,7.69953369140625,20,10,competence,,random,007,raw
steering,competence,random_008,-0.1,-1.71396484375,-2.01466552734375,-1.3649536132812505,20,10,competence,,random,008,raw
steering,competence,random_008,-0.05,5.9859375,5.5609375,6.356367187499999,20,10,competence,,random,008,raw
steering,competence,random_008,0.0,0.0,0.0,0.0,20,10,competence,,random,008,raw
steering,competence,random_008,0.05,-9.36767578125,-10.419472656249999,-8.157542724609376,20,10,competence,,random,008,raw
steering,competence,random_008,0.1,-7.184375,-9.134609375,-5.502968750000001,20,10,competence,,random,008,raw
steering,competence,random_009,-0.1,2.66552734375,1.969130859375,3.5233691406249994,20,10,competence,,random,009,raw
steering,competence,random_009,-0.05,2.379248046875,1.9581054687500001,2.8628125,20,10,competence,,random,009,raw
steering,competence,random_009,0.0,0.0,0.0,0.0,20,10,competence,,random,009,raw
steering,competence,random_009,0.05,2.2236328125,1.6546533203125002,2.8044970703125003,20,10,competence,,random,009,raw
steering,competence,random_009,0.1,-1.958251953125,-2.532928466796875,-1.4139465332031256,20,10,competence,,random,009,raw
steering,competence,random_010,-0.1,-5.57900390625,-6.21165283203125,-4.944494628906251,20,10,competence,,random,010,raw
steering,competence,random_010,-0.05,-1.976116943359375,-2.2542005920410153,-1.6438243103027343,20,10,competence,,random,010,raw
steering,competence,random_010,0.0,0.0,0.0,0.0,20,10,competence,,random,010,raw
steering,competence,random_010,0.05,4.8375,4.08828125,5.55251953125,20,10,competence,,random,010,raw
steering,competence,random_010,0.1,9.80859375,9.1777099609375,10.500039062499999,20,10,competence,,random,010,raw
steering,competence,random_011,-0.1,-0.465625,-0.9125390624999999,-0.08890625000000085,20,10,competence,,random,011,raw
steering,competence,random_011,-0.05,-0.4869140625,-0.7990673828125,-0.16542480468750004,20,10,competence,,random,011,raw
steering,competence,random_011,0.0,0.0,0.0,0.0,20,10,competence,,random,011,raw
steering,competence,random_011,0.05,-4.28330078125,-4.61563232421875,-3.9121997070312498,20,10,competence,,random,011,raw
steering,competence,random_011,0.1,-6.1375,-6.784453125,-5.4109375,20,10,competence,,random,011,raw
steering,competence,random_012,-0.1,-6.5993408203125,-7.158577270507813,-6.0519921875,20,10,competence,,random,012,raw
steering,competence,random_012,-0.05,-0.91875,-1.4195703124999999,-0.35078125,20,10,competence,,random,012,raw
steering,competence,random_012,0.0,0.0,0.0,0.0,20,10,competence,,random,012,raw
steering,competence,random_012,0.05,4.3484375,3.8155859375,4.9844140625,20,10,competence,,random,012,raw
steering,competence,random_012,0.1,3.548828125,2.96521484375,4.05626953125,20,10,competence,,random,012,raw
steering,competence,random_013,-0.1,2.589404296875,1.9049353027343752,3.3820373535156247,20,10,competence,,random,013,raw
steering,competence,random_013,-0.05,-0.18046875,-0.6540722656249998,0.35470703124999986,20,10,competence,,random,013,raw
steering,competence,random_013,0.0,0.0,0.0,0.0,20,10,competence,,random,013,raw
steering,competence,random_013,0.05,-2.818701171875,-3.34164306640625,-2.435926513671875,20,10,competence,,random,013,raw
steering,competence,random_013,0.1,-7.696484375,-8.483261718749999,-7.018955078125002,20,10,competence,,random,013,raw
steering,competence,random_014,-0.1,-1.03671875,-1.62970703125,-0.4585156250000004,20,10,competence,,random,014,raw
steering,competence,random_014,-0.05,2.35703125,1.8538476562500001,2.821875,20,10,competence,,random,014,raw
steering,competence,random_014,0.0,0.0,0.0,0.0,20,10,competence,,random,014,raw
steering,competence,random_014,0.05,5.733984375,4.9529296875,6.618164062499999,20,10,competence,,random,014,raw
steering,competence,random_014,0.1,-4.84296875,-5.607396240234375,-4.10985595703125,20,10,competence,,random,014,raw
steering,competence,random_015,-0.1,4.3347015380859375,3.605035400390625,4.967293090820312,20,10,competence,,random,015,raw
steering,competence,random_015,-0.05,0.628472900390625,0.13932617187500007,1.1652392578124993,20,10,competence,,random,015,raw
steering,competence,random_015,0.0,0.0,0.0,0.0,20,10,competence,,random,015,raw
steering,competence,random_015,0.05,6.30625,5.725703125,6.7875390625,20,10,competence,,random,015,raw
steering,competence,random_015,0.1,-2.715673828125,-3.515791015624999,-1.8040869140625002,20,10,competence,,random,015,raw
steering,competence,random_016,-0.1,-0.401953125,-1.187734375,0.39298828124999985,20,10,competence,,random,016,raw
steering,competence,random_016,-0.05,4.894140625,4.094873046875,5.70859375,20,10,competence,,random,016,raw
steering,competence,random_016,0.0,0.0,0.0,0.0,20,10,competence,,random,016,raw
steering,competence,random_016,0.05,-4.371484375,-4.809794921875,-3.9101171875,20,10,competence,,random,016,raw
steering,competence,random_016,0.1,-2.8876953125,-3.6953759765625,-2.049609375,20,10,competence,,random,016,raw
steering,competence,random_017,-0.1,-17.65703125,-18.67046875,-16.326464843750003,20,10,competence,,random,017,raw
steering,competence,random_017,-0.05,-6.77657470703125,-7.3785791015625,-6.117276000976563,20,10,competence,,random,017,raw
steering,competence,random_017,0.0,0.0,0.0,0.0,20,10,competence,,random,017,raw
steering,competence,random_017,0.05,0.2005126953125,-0.5383154296875,0.9993334960937472,20,10,competence,,random,017,raw
steering,competence,random_017,0.1,-4.6728515625,-5.317197265625,-3.982568359375,20,10,competence,,random,017,raw
steering,competence,random_018,-0.1,-5.5078125,-6.08588623046875,-4.9132470703125,20,10,competence,,random,018,raw
steering,competence,random_018,-0.05,-2.921875,-3.38232666015625,-2.4868237304687506,20,10,competence,,random,018,raw
steering,competence,random_018,0.0,0.0,0.0,0.0,20,10,competence,,random,018,raw
steering,competence,random_018,0.05,3.919110107421875,3.601614990234375,4.224675140380859,20,10,competence,,random,018,raw
steering,competence,random_018,0.1,-1.566357421875,-2.408564147949219,-0.7468637084960937,20,10,competence,,random,018,raw
steering,competence,random_019,-0.1,6.04761962890625,5.2609689331054685,6.98940216064453,20,10,competence,,random,019,raw
steering,competence,random_019,-0.05,3.67744140625,2.8864697265625003,4.54572509765625,20,10,competence,,random,019,raw
steering,competence,random_019,0.0,0.0,0.0,0.0,20,10,competence,,random,019,raw
steering,competence,random_019,0.05,3.40859375,2.77173828125,4.084472656249999,20,10,competence,,random,019,raw
steering,competence,random_019,0.1,-10.07021484375,-10.9226611328125,-9.143361816406252,20,10,competence,,random,019,raw
steering,competence,random_020,-0.1,-4.3294921875,-4.890341796875,-3.7921289062500003,20,10,competence,,random,020,raw
steering,competence,random_020,-0.05,0.771875,-0.06258789062499985,1.3660546874999997,20,10,competence,,random,020,raw
steering,competence,random_020,0.0,0.0,0.0,0.0,20,10,competence,,random,020,raw
steering,competence,random_020,0.05,1.416796875,0.8577734375,1.9668457031249997,20,10,competence,,random,020,raw
steering,competence,random_020,0.1,-3.3891845703125,-4.390755004882812,-2.211768798828125,20,10,competence,,random,020,raw
steering,competence,random_021,-0.1,10.84287109375,10.180415039062499,11.477568359375,20,10,competence,,random,021,raw
steering,competence,random_021,-0.05,2.14921875,1.2989843750000005,2.9645751953124995,20,10,competence,,random,021,raw
steering,competence,random_021,0.0,0.0,0.0,0.0,20,10,competence,,random,021,raw
steering,competence,random_021,0.05,-0.6625,-1.2656640625,-0.0453125,20,10,competence,,random,021,raw
steering,competence,random_021,0.1,2.1265625,1.6625,2.5516015625,20,10,competence,,random,021,raw
steering,competence,random_022,-0.1,-4.772265625,-5.398769531249999,-4.017958984374999,20,10,competence,,random,022,raw
steering,competence,random_022,-0.05,3.1916015625,2.388251953125,4.016611328125,20,10,competence,,random,022,raw
steering,competence,random_022,0.0,0.0,0.0,0.0,20,10,competence,,random,022,raw
steering,competence,random_022,0.05,0.13125,-0.2390625,0.5188281249999996,20,10,competence,,random,022,raw
steering,competence,random_022,0.1,1.84375,1.1104736328125002,2.529643554687499,20,10,competence,,random,022,raw
steering,competence,random_023,-0.1,-11.5958984375,-12.1706396484375,-10.943037109375,20,10,competence,,random,023,raw
steering,competence,random_023,-0.05,2.36015625,1.940625,2.74533203125,20,10,competence,,random,023,raw
steering,competence,random_023,0.0,0.0,0.0,0.0,20,10,competence,,random,023,raw
steering,competence,random_023,0.05,0.09521484375,-0.4185058593749999,0.700345458984375,20,10,competence,,random,023,raw
steering,competence,random_023,0.1,7.9220703125,7.1734375,8.7975146484375,20,10,competence,,random,023,raw
steering,competence,random_024,-0.1,-1.3186279296875,-2.5888128662109375,-0.373974609375,20,10,competence,,random,024,raw
steering,competence,random_024,-0.05,-3.43125,-4.4993359375,-2.4107421875000012,20,10,competence,,random,024,raw
steering,competence,random_024,0.0,0.0,0.0,0.0,20,10,competence,,random,024,raw
steering,competence,random_024,0.05,-8.676708984375,-9.405207519531249,-8.081164550781251,20,10,competence,,random,024,raw
steering,competence,random_024,0.1,1.5359375,1.023359375,2.043906249999999,20,10,competence,,random,024,raw
steering,competence,random_025,-0.1,-4.914111328125,-5.7235205078125,-4.067539062500001,20,10,competence,,random,025,raw
steering,competence,random_025,-0.05,-4.36484375,-4.6593798828125,-4.0654150390625,20,10,competence,,random,025,raw
steering,competence,random_025,0.0,0.0,0.0,0.0,20,10,competence,,random,025,raw
steering,competence,random_025,0.05,0.04453125,-0.8485742187499997,0.8328125,20,10,competence,,random,025,raw
steering,competence,random_025,0.1,-1.26875,-1.9689062499999996,-0.5437109375000002,20,10,competence,,random,025,raw
steering,competence,random_026,-0.1,0.63851318359375,-0.10941284179687477,1.4704757690429686,20,10,competence,,random,026,raw
steering,competence,random_026,-0.05,-3.19091796875,-3.7553369140625,-2.58365234375,20,10,competence,,random,026,raw
steering,competence,random_026,0.0,0.0,0.0,0.0,20,10,competence,,random,026,raw
steering,competence,random_026,0.05,-4.0203125,-4.4296875,-3.4780859375,20,10,competence,,random,026,raw
steering,competence,random_026,0.1,-1.158203125,-1.789111328125,-0.5691113281250001,20,10,competence,,random,026,raw
steering,competence,random_027,-0.1,1.0421875,0.3062109375000001,1.8297265624999997,20,10,competence,,random,027,raw
steering,competence,random_027,-0.05,2.69140625,2.242109375,3.23908203125,20,10,competence,,random,027,raw
steering,competence,random_027,0.0,0.0,0.0,0.0,20,10,competence,,random,027,raw
steering,competence,random_027,0.05,3.1984375,2.8905859375,3.56875,20,10,competence,,random,027,raw
steering,competence,random_027,0.1,-9.06640625,-9.633598632812499,-8.448740234375,20,10,competence,,random,027,raw
steering,competence,random_028,-0.1,4.4640625,3.3765234375,5.376640625,20,10,competence,,random,028,raw
steering,competence,random_028,-0.05,1.6328125,0.9420312500000002,2.3,20,10,competence,,random,028,raw
steering,competence,random_028,0.0,0.0,0.0,0.0,20,10,competence,,random,028,raw
steering,competence,random_028,0.05,-5.312109375,-5.893369140625,-4.75623046875,20,10,competence,,random,028,raw
steering,competence,random_028,0.1,0.0953125,-0.4188281249999999,0.6782421874999993,20,10,competence,,random,028,raw
steering,competence,random_029,-0.1,-2.52294921875,-3.2458178710937498,-1.8626696777343754,20,10,competence,,random,029,raw
steering,competence,random_029,-0.05,-2.935546875,-3.6529589843749997,-2.2993994140625,20,10,competence,,random,029,raw
steering,competence,random_029,0.0,0.0,0.0,0.0,20,10,competence,,random,029,raw
steering,competence,random_029,0.05,2.9375,2.3171093750000002,3.578281249999999,20,10,competence,,random,029,raw
steering,competence,random_029,0.1,2.9796875,2.55625,3.459375,20,10,competence,,random,029,raw
steering,competence,random_030,-0.1,-4.9609375,-5.2484375,-4.6875,20,10,competence,,random,030,raw
steering,competence,random_030,-0.05,-7.959375,-8.709414062499999,-7.1703125,20,10,competence,,random,030,raw
steering,competence,random_030,0.0,0.0,0.0,0.0,20,10,competence,,random,030,raw
steering,competence,random_030,0.05,-2.17109375,-3.0228906249999996,-1.3772460937500006,20,10,competence,,random,030,raw
steering,competence,random_030,0.1,-7.5421875,-8.0172265625,-7.090625,20,10,competence,,random,030,raw
steering,competence,random_031,-0.1,-0.69248046875,-1.3367919921874998,0.06640136718749896,20,10,competence,,random,031,raw
steering,competence,random_031,-0.05,-6.3904296875,-6.991817626953125,-5.78990478515625,20,10,competence,,random,031,raw
steering,competence,random_031,0.0,0.0,0.0,0.0,20,10,competence,,random,031,raw
steering,competence,random_031,0.05,5.70400390625,4.93035400390625,6.48297119140625,20,10,competence,,random,031,raw
steering,competence,random_031,0.1,-4.25,-4.8828125,-3.6577734375,20,10,competence,,random,031,raw
steering,competence,random_032,-0.1,0.430078125,-0.2980957031249999,1.0762304687499997,20,10,competence,,random,032,raw
steering,competence,random_032,-0.05,2.06875,1.6358984375,2.69375,20,10,competence,,random,032,raw
steering,competence,random_032,0.0,0.0,0.0,0.0,20,10,competence,,random,032,raw
steering,competence,random_032,0.05,-2.9484375,-3.2859765625,-2.6139843750000007,20,10,competence,,random,032,raw
steering,competence,random_032,0.1,-3.8203125,-4.64234375,-2.9639843750000003,20,10,competence,,random,032,raw
steering,competence,random_033,-0.1,-1.16171875,-1.8040087890624998,-0.34159179687500113,20,10,competence,,random,033,raw
steering,competence,random_033,-0.05,3.2765625,2.7905859375,3.7391406249999997,20,10,competence,,random,033,raw
steering,competence,random_033,0.0,0.0,0.0,0.0,20,10,competence,,random,033,raw
steering,competence,random_033,0.05,-11.297265625,-11.666044921875,-10.969453125,20,10,competence,,random,033,raw
steering,competence,random_033,0.1,-4.39375,-4.90625,-3.9108593750000007,20,10,competence,,random,033,raw
steering,competence,random_034,-0.1,4.1037109375,3.3472412109375,4.8817138671875,20,10,competence,,random,034,raw
steering,competence,random_034,-0.05,9.347265625,8.643642578125,10.103945312499999,20,10,competence,,random,034,raw
steering,competence,random_034,0.0,0.0,0.0,0.0,20,10,competence,,random,034,raw
steering,competence,random_034,0.05,1.1234375,0.71875,1.60625,20,10,competence,,random,034,raw
steering,competence,random_034,0.1,-4.74453125,-5.690722656249999,-3.7120849609375,20,10,competence,,random,034,raw
steering,competence,random_035,-0.1,-10.0771484375,-10.62345703125,-9.51166015625,20,10,competence,,random,035,raw
steering,competence,random_035,-0.05,-8.995361328125,-9.956728515625,-8.09240966796875,20,10,competence,,random,035,raw
steering,competence,random_035,0.0,0.0,0.0,0.0,20,10,competence,,random,035,raw
steering,competence,random_035,0.05,4.20830078125,3.8154418945312503,4.59855224609375,20,10,competence,,random,035,raw
steering,competence,random_035,0.1,-3.32998046875,-3.8631884765625,-2.7363867187500004,20,10,competence,,random,035,raw
steering,competence,random_036,-0.1,-7.9328125,-8.2453125,-7.631171875,20,10,competence,,random,036,raw
steering,competence,random_036,-0.05,-5.1953125,-5.7609765625,-4.653125,20,10,competence,,random,036,raw
steering,competence,random_036,0.0,0.0,0.0,0.0,20,10,competence,,random,036,raw
steering,competence,random_036,0.05,4.42421875,3.28748046875,5.75,20,10,competence,,random,036,raw
steering,competence,random_036,0.1,-2.17265625,-2.6594335937499998,-1.7249218750000006,20,10,competence,,random,036,raw
steering,competence,random_037,-0.1,3.494775390625,3.0550109863281247,3.93326416015625,20,10,competence,,random,037,raw
steering,competence,random_037,-0.05,3.1958251953125,2.52994873046875,3.8132006835937498,20,10,competence,,random,037,raw
steering,competence,random_037,0.0,0.0,0.0,0.0,20,10,competence,,random,037,raw
steering,competence,random_037,0.05,-7.13671875,-7.956992187499999,-6.350463867187502,20,10,competence,,random,037,raw
steering,competence,random_037,0.1,0.9373046875,-0.33174804687499965,2.09993408203125,20,10,competence,,random,037,raw
steering,competence,random_038,-0.1,1.3640625,0.40597656250000047,2.20625,20,10,competence,,random,038,raw
steering,competence,random_038,-0.05,-2.7216796875,-3.3808789062499995,-2.064794921875,20,10,competence,,random,038,raw
steering,competence,random_038,0.0,0.0,0.0,0.0,20,10,competence,,random,038,raw
steering,competence,random_038,0.05,-5.272119140625,-5.7599609375,-4.751007080078125,20,10,competence,,random,038,raw
steering,competence,random_038,0.1,-8.917919921875,-9.507635498046874,-8.2284814453125,20,10,competence,,random,038,raw
steering,competence,random_039,-0.1,-7.215625,-7.795415039062499,-6.608583984375,20,10,competence,,random,039,raw
steering,competence,random_039,-0.05,-4.99705810546875,-5.741098022460938,-4.2853283691406245,20,10,competence,,random,039,raw
steering,competence,random_039,0.0,0.0,0.0,0.0,20,10,competence,,random,039,raw
steering,competence,random_039,0.05,-0.625,-1.2233276367187498,0.004787597656249987,20,10,competence,,random,039,raw
steering,competence,random_039,0.1,-4.1078125,-4.48828125,-3.72421875,20,10,competence,,random,039,raw
steering,competence,random_040,-0.1,5.462158203125,4.492880859375,6.369288330078123,20,10,competence,,random,040,raw
steering,competence,random_040,-0.05,2.3578125,1.52888671875,3.22970703125,20,10,competence,,random,040,raw
steering,competence,random_040,0.0,0.0,0.0,0.0,20,10,competence,,random,040,raw
steering,competence,random_040,0.05,-1.93134765625,-2.69092529296875,-1.2115844726562504,20,10,competence,,random,040,raw
steering,competence,random_040,0.1,-3.734375,-4.2953515625,-3.0963671875000025,20,10,competence,,random,040,raw
steering,competence,random_041,-0.1,2.17578125,1.601123046875,2.767734374999999,20,10,competence,,random,041,raw
steering,competence,random_041,-0.05,6.6375,5.8812109375,7.425,20,10,competence,,random,041,raw
steering,competence,random_041,0.0,0.0,0.0,0.0,20,10,competence,,random,041,raw
steering,competence,random_041,0.05,-7.47821044921875,-8.141034545898437,-6.882271118164063,20,10,competence,,random,041,raw
steering,competence,random_041,0.1,-5.98837890625,-6.64603515625,-5.25112060546875,20,10,competence,,random,041,raw
steering,competence,random_042,-0.1,4.09560546875,3.6527246093750003,4.5113671875,20,10,competence,,random,042,raw
steering,competence,random_042,-0.05,0.2777587890625,-0.3105413818359372,0.823087768554687,20,10,competence,,random,042,raw
steering,competence,random_042,0.0,0.0,0.0,0.0,20,10,competence,,random,042,raw
steering,competence,random_042,0.05,-3.5421875,-4.093828125,-3.0765234375,20,10,competence,,random,042,raw
steering,competence,random_042,0.1,-14.11396484375,-14.720625,-13.457067871093752,20,10,competence,,random,042,raw
steering,competence,random_043,-0.1,-2.873828125,-3.4954785156249994,-2.222255859375,20,10,competence,,random,043,raw
steering,competence,random_043,-0.05,-3.4480224609375,-4.152860107421875,-2.7991583251953127,20,10,competence,,random,043,raw
steering,competence,random_043,0.0,0.0,0.0,0.0,20,10,competence,,random,043,raw
steering,competence,random_043,0.05,7.82646484375,7.0008935546875,8.46866943359375,20,10,competence,,random,043,raw
steering,competence,random_043,0.1,0.43095703125,-0.5320385742187499,1.34933349609375,20,10,competence,,random,043,raw
steering,competence,random_044,-0.1,-3.50390625,-4.3039453125,-2.6936718750000006,20,10,competence,,random,044,raw
steering,competence,random_044,-0.05,2.438543701171875,1.8457188415527346,3.0740623474121094,20,10,competence,,random,044,raw
steering,competence,random_044,0.0,0.0,0.0,0.0,20,10,competence,,random,044,raw
steering,competence,random_044,0.05,7.7734375,7.193359375,8.2367626953125,20,10,competence,,random,044,raw
steering,competence,random_044,0.1,0.090234375,-0.5500390625,0.7563085937499997,20,10,competence,,random,044,raw
steering,competence,random_045,-0.1,3.536102294921875,2.6938560485839846,4.30403106689453,20,10,competence,,random,045,raw
steering,competence,random_045,-0.05,4.507040405273438,3.871673583984375,5.1851654052734375,20,10,competence,,random,045,raw
steering,competence,random_045,0.0,0.0,0.0,0.0,20,10,competence,,random,045,raw
steering,competence,random_045,0.05,5.953515625,4.777568359375,7.0391210937499995,20,10,competence,,random,045,raw
steering,competence,random_045,0.1,-5.750927734375,-6.60716552734375,-4.7218737792968755,20,10,competence,,random,045,raw
steering,competence,random_046,-0.1,-9.06044921875,-10.0875244140625,-8.097277832031251,20,10,competence,,random,046,raw
steering,competence,random_046,-0.05,-3.434765625,-4.0477197265625,-2.8884472656250004,20,10,competence,,random,046,raw
steering,competence,random_046,0.0,0.0,0.0,0.0,20,10,competence,,random,046,raw
steering,competence,random_046,0.05,-5.75859375,-6.832167968749999,-4.67498046875,20,10,competence,,random,046,raw
steering,competence,random_046,0.1,-10.90537109375,-11.86398193359375,-10.02654296875,20,10,competence,,random,046,raw
steering,competence,random_047,-0.1,-3.8491943359375,-4.318500366210937,-3.39722412109375,20,10,competence,,random,047,raw
steering,competence,random_047,-0.05,-5.5216796875,-6.2437841796875,-4.834062500000001,20,10,competence,,random,047,raw
steering,competence,random_047,0.0,0.0,0.0,0.0,20,10,competence,,random,047,raw
steering,competence,random_047,0.05,2.5337890625,1.846240234375,3.2507958984375,20,10,competence,,random,047,raw
steering,competence,random_047,0.1,-5.6356689453125,-6.1621942138671875,-5.08524658203125,20,10,competence,,random,047,raw
steering,competence,random_048,-0.1,7.789453125,7.133583984375,8.56189453125,20,10,competence,,random,048,raw
steering,competence,random_048,-0.05,1.44140625,0.6530273437500002,2.4850390624999963,20,10,competence,,random,048,raw
steering,competence,random_048,0.0,0.0,0.0,0.0,20,10,competence,,random,048,raw
steering,competence,random_048,0.05,-9.1359375,-9.551621093749999,-8.66869140625,20,10,competence,,random,048,raw
steering,competence,random_048,0.1,-5.1025390625,-5.814501953125,-4.4216748046875,20,10,competence,,random,048,raw
steering,competence,random_049,-0.1,-18.88515625,-19.804345703124998,-17.978408203125,20,10,competence,,random,049,raw
steering,competence,random_049,-0.05,-11.96484375,-12.4848974609375,-11.430065917968749,20,10,competence,,random,049,raw
steering,competence,random_049,0.0,0.0,0.0,0.0,20,10,competence,,random,049,raw
steering,competence,random_049,0.05,-2.07734375,-2.98443359375,-1.2428515625000005,20,10,competence,,random,049,raw
steering,competence,random_049,0.1,1.2953125,0.4483984375000001,2.018906249999999,20,10,competence,,random,049,raw
steering,competence,warmth,-0.1,-0.33125,-0.41257812499999985,-0.24367187500000043,20,10,competence,warmth,cross_axis,,raw
steering,competence,warmth,-0.05,-0.1484375,-0.24378906249999993,-0.0375,20,10,competence,warmth,cross_axis,,raw
steering,competence,warmth,0.0,0.0,0.0,0.0,20,10,competence,warmth,cross_axis,,raw
steering,competence,warmth,0.05,0.1578125,0.1,0.21875,20,10,competence,warmth,cross_axis,,raw
steering,competence,warmth,0.1,0.1140625,0.0578125,0.1750390624999998,20,10,competence,warmth,cross_axis,,raw
steering,warmth,competence,-0.1,-0.2359375,-0.2953125,-0.1718359375000002,20,10,warmth,competence,cross_axis,,raw
steering,warmth,competence,-0.05,-0.2375,-0.28757812499999985,-0.18125,20,10,warmth,competence,cross_axis,,raw
steering,warmth,competence,0.0,0.0,0.0,0.0,20,10,warmth,competence,cross_axis,,raw
steering,warmth,competence,0.05,-0.0796875,-0.1609375,0.0,20,10,warmth,competence,cross_axis,,raw
steering,warmth,competence,0.1,-0.0328125,-0.1125,0.053125,20,10,warmth,competence,cross_axis,,raw
steering,warmth,random_000,-0.1,-2.957958984375,-3.60776611328125,-2.3382800292968753,20,10,warmth,,random,000,raw
steering,warmth,random_000,-0.05,0.5890625,-0.084375,1.3188281249999996,20,10,warmth,,random,000,raw
steering,warmth,random_000,0.0,0.0,0.0,0.0,20,10,warmth,,random,000,raw
steering,warmth,random_000,0.05,1.4775619506835938,0.6712149047851562,2.280697326660155,20,10,warmth,,random,000,raw
steering,warmth,random_000,0.1,-1.7525054931640625,-3.001241226196288,-0.6409488677978519,20,10,warmth,,random,000,raw
steering,warmth,random_001,-0.1,6.22890625,5.8327734375,6.6055078125,20,10,warmth,,random,001,raw
steering,warmth,random_001,-0.05,6.135791015625,5.198709716796875,7.140576171875,20,10,warmth,,random,001,raw
steering,warmth,random_001,0.0,0.0,0.0,0.0,20,10,warmth,,random,001,raw
steering,warmth,random_001,0.05,1.38642578125,0.6722412109375,2.08614013671875,20,10,warmth,,random,001,raw
steering,warmth,random_001,0.1,-1.1790283203125,-2.2434344482421875,-0.1797192382812505,20,10,warmth,,random,001,raw
steering,warmth,random_002,-0.1,-5.95001220703125,-6.61054229736328,-5.318406066894532,20,10,warmth,,random,002,raw
steering,warmth,random_002,-0.05,0.265771484375,-0.6217980957031248,1.1489721679687497,20,10,warmth,,random,002,raw
steering,warmth,random_002,0.0,0.0,0.0,0.0,20,10,warmth,,random,002,raw
steering,warmth,random_002,0.05,-10.60621337890625,-11.392250976562499,-9.733536071777346,20,10,warmth,,random,002,raw
steering,warmth,random_002,0.1,-7.95625,-8.73375,-7.21953125,20,10,warmth,,random,002,raw
steering,warmth,random_003,-0.1,-5.955859375,-6.4075,-5.424785156250001,20,10,warmth,,random,003,raw
steering,warmth,random_003,-0.05,2.53359375,1.9616015625,3.232822265625,20,10,warmth,,random,003,raw
steering,warmth,random_003,0.0,0.0,0.0,0.0,20,10,warmth,,random,003,raw
steering,warmth,random_003,0.05,5.6242919921875,5.00932861328125,6.261952514648438,20,10,warmth,,random,003,raw
steering,warmth,random_003,0.1,2.1125,1.4663818359375,2.7719873046874994,20,10,warmth,,random,003,raw
steering,warmth,random_004,-0.1,5.8800537109375,5.215337524414062,6.621845092773437,20,10,warmth,,random,004,raw
steering,warmth,random_004,-0.05,4.6849609375,3.883999023437501,5.494599609374999,20,10,warmth,,random,004,raw
steering,warmth,random_004,0.0,0.0,0.0,0.0,20,10,warmth,,random,004,raw
steering,warmth,random_004,0.05,-3.53271484375,-4.08068603515625,-2.9589794921875,20,10,warmth,,random,004,raw
steering,warmth,random_004,0.1,-3.71875,-4.253125,-3.2499218750000005,20,10,warmth,,random,004,raw
steering,warmth,random_005,-0.1,3.530712890625,3.025980224609375,3.977620849609375,20,10,warmth,,random,005,raw
steering,warmth,random_005,-0.05,-3.6421875,-4.18515625,-3.125,20,10,warmth,,random,005,raw
steering,warmth,random_005,0.0,0.0,0.0,0.0,20,10,warmth,,random,005,raw
steering,warmth,random_005,0.05,2.17890625,1.595302734375,2.7368457031249993,20,10,warmth,,random,005,raw
steering,warmth,random_005,0.1,-1.5205078125,-1.9577197265624997,-1.03337890625,20,10,warmth,,random,005,raw
steering,warmth,random_006,-0.1,4.3078125,3.57888671875,4.97361328125,20,10,warmth,,random,006,raw
steering,warmth,random_006,-0.05,1.6296875,1.1451953125,2.0985546874999996,20,10,warmth,,random,006,raw
steering,warmth,random_006,0.0,0.0,0.0,0.0,20,10,warmth,,random,006,raw
steering,warmth,random_006,0.05,-0.6203125,-1.0056054687499996,-0.19914062500000043,20,10,warmth,,random,006,raw
steering,warmth,random_006,0.1,-2.9930419921875,-3.5465744018554686,-2.5361709594726567,20,10,warmth,,random,006,raw
steering,warmth,random_007,-0.1,-1.1234375,-1.7485546875,-0.5780468750000004,20,10,warmth,,random,007,raw
steering,warmth,random_007,-0.05,-5.67138671875,-6.1426416015625,-5.158486328125,20,10,warmth,,random,007,raw
steering,warmth,random_007,0.0,0.0,0.0,0.0,20,10,warmth,,random,007,raw
steering,warmth,random_007,0.05,8.641796875,7.51090087890625,9.6578662109375,20,10,warmth,,random,007,raw
steering,warmth,random_007,0.1,6.25361328125,5.52968017578125,7.046950683593749,20,10,warmth,,random,007,raw
steering,warmth,random_008,-0.1,-1.187890625,-1.6689599609374999,-0.66640625,20,10,warmth,,random,008,raw
steering,warmth,random_008,-0.05,5.2265625,4.6874609375,5.7421875,20,10,warmth,,random,008,raw
steering,warmth,random_008,0.0,0.0,0.0,0.0,20,10,warmth,,random,008,raw
steering,warmth,random_008,0.05,-8.092578125,-8.927666015625,-7.1721875,20,10,warmth,,random,008,raw
steering,warmth,random_008,0.1,-7.7984375,-9.004726562499998,-6.626445312500001,20,10,warmth,,random,008,raw
steering,warmth,random_009,-0.1,1.5833984375,0.40793945312500013,2.698608398437499,20,10,warmth,,random,009,raw
steering,warmth,random_009,-0.05,1.69580078125,0.7848925781250001,2.5622949218749995,20,10,warmth,,random,009,raw
steering,warmth,random_009,0.0,0.0,0.0,0.0,20,10,warmth,,random,009,raw
steering,warmth,random_009,0.05,0.44560546875,-0.50396484375,1.1245532226562498,20,10,warmth,,random,009,raw
steering,warmth,random_009,0.1,-1.4482421875,-2.1810400390624993,-0.8450781250000002,20,10,warmth,,random,009,raw
steering,warmth,random_010,-0.1,-6.14718017578125,-6.809644775390625,-5.505258789062502,20,10,warmth,,random,010,raw
steering,warmth,random_010,-0.05,-2.0457489013671877,-2.707389526367187,-1.4340258789062508,20,10,warmth,,random,010,raw
steering,warmth,random_010,0.0,0.0,0.0,0.0,20,10,warmth,,random,010,raw
steering,warmth,random_010,0.05,5.091015625,4.490625,5.657041015625,20,10,warmth,,random,010,raw
steering,warmth,random_010,0.1,9.102780151367188,8.57947380065918,9.530236053466796,20,10,warmth,,random,010,raw
steering,warmth,random_011,-0.1,0.2,-0.2625,0.6859375,20,10,warmth,,random,011,raw
steering,warmth,random_011,-0.05,0.276025390625,-0.24192382812499977,0.7896447753906247,20,10,warmth,,random,011,raw
steering,warmth,random_011,0.0,0.0,0.0,0.0,20,10,warmth,,random,011,raw
steering,warmth,random_011,0.05,-4.5181884765625,-4.900825805664063,-4.171832275390626,20,10,warmth,,random,011,raw
steering,warmth,random_011,0.1,-4.8015625,-5.45484375,-4.253125,20,10,warmth,,random,011,raw
steering,warmth,random_012,-0.1,-7.4329345703125,-8.290285644531249,-6.550326538085938,20,10,warmth,,random,012,raw
steering,warmth,random_012,-0.05,-2.428515625,-3.0140625,-1.794130859375,20,10,warmth,,random,012,raw
steering,warmth,random_012,0.0,0.0,0.0,0.0,20,10,warmth,,random,012,raw
steering,warmth,random_012,0.05,3.765625,3.2780468750000002,4.20625,20,10,warmth,,random,012,raw
steering,warmth,random_012,0.1,3.49814453125,2.9304296875,4.04115234375,20,10,warmth,,random,012,raw
steering,warmth,random_013,-0.1,1.189501953125,0.4716860961914062,1.8965431213378905,20,10,warmth,,random,013,raw
steering,warmth,random_013,-0.05,2.0625,1.2485644531250004,2.7715136718749998,20,10,warmth,,random,013,raw
steering,warmth,random_013,0.0,0.0,0.0,0.0,20,10,warmth,,random,013,raw
steering,warmth,random_013,0.05,-2.3298095703125,-2.7303076171874996,-1.919196166992188,20,10,warmth,,random,013,raw
steering,warmth,random_013,0.1,-7.6568359375,-8.177158203125,-7.1578955078125,20,10,warmth,,random,013,raw
steering,warmth,random_014,-0.1,-1.7625,-2.14921875,-1.346875,20,10,warmth,,random,014,raw
steering,warmth,random_014,-0.05,0.6609375,0.1280078125000002,1.2219921874999995,20,10,warmth,,random,014,raw
steering,warmth,random_014,0.0,0.0,0.0,0.0,20,10,warmth,,random,014,raw
steering,warmth,random_014,0.05,3.86875,3.29375,4.4492578125,20,10,warmth,,random,014,raw
steering,warmth,random_014,0.1,-6.12509765625,-7.1541455078125,-5.160107421875,20,10,warmth,,random,014,raw
steering,warmth,random_015,-0.1,3.45966796875,2.7785845947265626,4.114224853515624,20,10,warmth,,random,015,raw
steering,warmth,random_015,-0.05,1.06640625,0.7220361328125,1.385599365234375,20,10,warmth,,random,015,raw
steering,warmth,random_015,0.0,0.0,0.0,0.0,20,10,warmth,,random,015,raw
steering,warmth,random_015,0.05,5.478125,5.1624609375,5.807929687499999,20,10,warmth,,random,015,raw
steering,warmth,random_015,0.1,-0.5455078125,-1.3613818359374998,0.4468017578124993,20,10,warmth,,random,015,raw
steering,warmth,random_016,-0.1,1.0912109375,-0.1016503906249995,2.0670361328124995,20,10,warmth,,random,016,raw
steering,warmth,random_016,-0.05,5.50703125,5.0553125,5.901621093749999,20,10,warmth,,random,016,raw
steering,warmth,random_016,0.0,0.0,0.0,0.0,20,10,warmth,,random,016,raw
steering,warmth,random_016,0.05,-4.0748046875,-4.7793505859375,-3.351162109375,20,10,warmth,,random,016,raw
steering,warmth,random_016,0.1,-2.7741455078125,-4.045068359375,-1.5074774169921878,20,10,warmth,,random,016,raw
steering,warmth,random_017,-0.1,-18.188671875,-18.828212890625,-17.630048828125002,20,10,warmth,,random,017,raw
steering,warmth,random_017,-0.05,-6.62353515625,-7.460364990234375,-5.821329345703125,20,10,warmth,,random,017,raw
steering,warmth,random_017,0.0,0.0,0.0,0.0,20,10,warmth,,random,017,raw
steering,warmth,random_017,0.05,0.59130859375,-0.48430419921874995,1.5357080078124996,20,10,warmth,,random,017,raw
steering,warmth,random_017,0.1,-4.340625,-4.8328125,-3.8187109375,20,10,warmth,,random,017,raw
steering,warmth,random_018,-0.1,-5.38853759765625,-6.2734570312499995,-4.54908447265625,20,10,warmth,,random,018,raw
steering,warmth,random_018,-0.05,-2.039404296875,-2.504930419921875,-1.528466796875,20,10,warmth,,random,018,raw
steering,warmth,random_018,0.0,0.0,0.0,0.0,20,10,warmth,,random,018,raw
steering,warmth,random_018,0.05,3.3585693359375,3.0291424560546876,3.664793090820312,20,10,warmth,,random,018,raw
steering,warmth,random_018,0.1,-3.18128662109375,-3.6119921875000003,-2.7365234375,20,10,warmth,,random,018,raw
steering,warmth,random_019,-0.1,3.9232666015625,2.7716931152343753,5.1171417236328125,20,10,warmth,,random,019,raw
steering,warmth,random_019,-0.05,4.70498046875,3.98138671875,5.386787109375,20,10,warmth,,random,019,raw
steering,warmth,random_019,0.0,0.0,0.0,0.0,20,10,warmth,,random,019,raw
steering,warmth,random_019,0.05,3.65,3.0372656250000003,4.198515625,20,10,warmth,,random,019,raw
steering,warmth,random_019,0.1,-10.0404296875,-10.85859375,-9.1011865234375,20,10,warmth,,random,019,raw
steering,warmth,random_020,-0.1,-4.516015625,-5.370322265624999,-3.6980175781250004,20,10,warmth,,random,020,raw
steering,warmth,random_020,-0.05,2.2306640625,0.9641455078125002,3.2323388671874995,20,10,warmth,,random,020,raw
steering,warmth,random_020,0.0,0.0,0.0,0.0,20,10,warmth,,random,020,raw
steering,warmth,random_020,0.05,-0.002734375,-0.6712207031249998,0.7424999999999983,20,10,warmth,,random,020,raw
steering,warmth,random_020,0.1,-4.609375,-5.8405078125,-3.483168945312501,20,10,warmth,,random,020,raw
steering,warmth,random_021,-0.1,10.11298828125,9.31052734375,10.95712890625,20,10,warmth,,random,021,raw
steering,warmth,random_021,-0.05,0.3347412109375,-0.5579376220703125,1.1131249999999997,20,10,warmth,,random,021,raw
steering,warmth,random_021,0.0,0.0,0.0,0.0,20,10,warmth,,random,021,raw
steering,warmth,random_021,0.05,-1.18125,-1.7844140625,-0.5890625,20,10,warmth,,random,021,raw
steering,warmth,random_021,0.1,2.9125,2.48125,3.4297656249999995,20,10,warmth,,random,021,raw
steering,warmth,random_022,-0.1,-7.104248046875,-7.585794677734375,-6.564510498046875,20,10,warmth,,random,022,raw
steering,warmth,random_022,-0.05,1.975390625,1.1897460937500002,2.7867675781249996,20,10,warmth,,random,022,raw
steering,warmth,random_022,0.0,0.0,0.0,0.0,20,10,warmth,,random,022,raw
steering,warmth,random_022,0.05,0.575,0.18746093750000006,0.9890625,20,10,warmth,,random,022,raw
steering,warmth,random_022,0.1,2.55814208984375,1.6130151367187504,3.465238647460937,20,10,warmth,,random,022,raw
steering,warmth,random_023,-0.1,-12.3015625,-12.743818359375,-11.946728515625,20,10,warmth,,random,023,raw
steering,warmth,random_023,-0.05,1.5578125,1.1171875,1.9265625,20,10,warmth,,random,023,raw
steering,warmth,random_023,0.0,0.0,0.0,0.0,20,10,warmth,,random,023,raw
steering,warmth,random_023,0.05,-1.59462890625,-2.11710693359375,-1.02913330078125,20,10,warmth,,random,023,raw
steering,warmth,random_023,0.1,8.4310546875,7.3987548828125,9.3780419921875,20,10,warmth,,random,023,raw
steering,warmth,random_024,-0.1,0.24267578125,-0.6189453125,1.1732568359374989,20,10,warmth,,random,024,raw
steering,warmth,random_024,-0.05,-4.621875,-6.0031640625,-3.2544921875000012,20,10,warmth,,random,024,raw
steering,warmth,random_024,0.0,0.0,0.0,0.0,20,10,warmth,,random,024,raw
steering,warmth,random_024,0.05,-9.156903076171876,-9.837471466064454,-8.549296417236327,20,10,warmth,,random,024,raw
steering,warmth,random_024,0.1,0.8375,0.128125,1.4688281249999995,20,10,warmth,,random,024,raw
steering,warmth,random_025,-0.1,-3.23623046875,-4.0333203125,-2.297663574218751,20,10,warmth,,random,025,raw
steering,warmth,random_025,-0.05,-4.966015625,-5.46642578125,-4.446855468750001,20,10,warmth,,random,025,raw
steering,warmth,random_025,0.0,0.0,0.0,0.0,20,10,warmth,,random,025,raw
steering,warmth,random_025,0.05,0.834375,-0.13753906249999995,1.6532421874999994,20,10,warmth,,random,025,raw
steering,warmth,random_025,0.1,-3.6125,-4.298828125,-2.962343750000001,20,10,warmth,,random,025,raw
steering,warmth,random_026,-0.1,0.1716064453125,-0.382796630859375,0.7309197998046871,20,10,warmth,,random,026,raw
steering,warmth,random_026,-0.05,-2.82548828125,-3.40099609375,-2.2598632812500012,20,10,warmth,,random,026,raw
steering,warmth,random_026,0.0,0.0,0.0,0.0,20,10,warmth,,random,026,raw
steering,warmth,random_026,0.05,-4.2375,-4.79375,-3.5889843750000003,20,10,warmth,,random,026,raw
steering,warmth,random_026,0.1,-1.644140625,-2.3609375,-0.8194335937500006,20,10,warmth,,random,026,raw
steering,warmth,random_027,-0.1,1.525,1.1,1.996875,20,10,warmth,,random,027,raw
steering,warmth,random_027,-0.05,2.940625,2.5109375,3.3609765625,20,10,warmth,,random,027,raw
steering,warmth,random_027,0.0,0.0,0.0,0.0,20,10,warmth,,random,027,raw
steering,warmth,random_027,0.05,2.6125,2.275,3.0594531249999997,20,10,warmth,,random,027,raw
steering,warmth,random_027,0.1,-8.927490234375,-9.269438476562499,-8.555087890625002,20,10,warmth,,random,027,raw
steering,warmth,random_028,-0.1,3.2140625,2.3733984375,4.031406249999999,20,10,warmth,,random,028,raw
steering,warmth,random_028,-0.05,0.1796875,-0.41890624999999976,0.7859765624999997,20,10,warmth,,random,028,raw
steering,warmth,random_028,0.0,0.0,0.0,0.0,20,10,warmth,,random,028,raw
steering,warmth,random_028,0.05,-6.33671875,-6.5564892578125,-6.1318164062500005,20,10,warmth,,random,028,raw
steering,warmth,random_028,0.1,-0.61875,-0.9875781249999999,-0.23429687500000043,20,10,warmth,,random,028,raw
steering,warmth,random_029,-0.1,-1.950299072265625,-2.677599182128906,-1.3231999206542973,20,10,warmth,,random,029,raw
steering,warmth,random_029,-0.05,-3.23369140625,-3.72600341796875,-2.79361572265625,20,10,warmth,,random,029,raw
steering,warmth,random_029,0.0,0.0,0.0,0.0,20,10,warmth,,random,029,raw
steering,warmth,random_029,0.05,2.5,1.9608984375,3.1141015625,20,10,warmth,,random,029,raw
steering,warmth,random_029,0.1,3.0640625,2.5765625,3.515625,20,10,warmth,,random,029,raw
steering,warmth,random_030,-0.1,-4.43125,-4.875,-4.059375,20,10,warmth,,random,030,raw
steering,warmth,random_030,-0.05,-7.765625,-8.1516796875,-7.3858984375,20,10,warmth,,random,030,raw
steering,warmth,random_030,0.0,0.0,0.0,0.0,20,10,warmth,,random,030,raw
steering,warmth,random_030,0.05,-2.8685546875,-3.5721142578125002,-2.0515234375,20,10,warmth,,random,030,raw
steering,warmth,random_030,0.1,-5.7625,-6.296875,-5.371875,20,10,warmth,,random,030,raw
steering,warmth,random_031,-0.1,-1.51875,-2.0092349243164063,-1.0242114257812502,20,10,warmth,,random,031,raw
steering,warmth,random_031,-0.05,-6.297052001953125,-6.95481201171875,-5.651915283203125,20,10,warmth,,random,031,raw
steering,warmth,random_031,0.0,0.0,0.0,0.0,20,10,warmth,,random,031,raw
steering,warmth,random_031,0.05,6.3090087890625,5.594600830078125,6.953618164062499,20,10,warmth,,random,031,raw
steering,warmth,random_031,0.1,-3.703125,-4.4173046875,-2.9748828125000006,20,10,warmth,,random,031,raw
steering,warmth,random_032,-0.1,0.56571044921875,-0.34668060302734327,1.6443743896484373,20,10,warmth,,random,032,raw
steering,warmth,random_032,-0.05,1.201953125,0.7593359375000001,1.689462890625,20,10,warmth,,random,032,raw
steering,warmth,random_032,0.0,0.0,0.0,0.0,20,10,warmth,,random,032,raw
steering,warmth,random_032,0.05,-2.66328125,-3.17736328125,-2.1780859375,20,10,warmth,,random,032,raw
steering,warmth,random_032,0.1,-5.80546875,-6.358613281249999,-5.2890039062500005,20,10,warmth,,random,032,raw
steering,warmth,random_033,-0.1,-2.2638916015625,-2.6432177734374998,-1.8893890380859375,20,10,warmth,,random,033,raw
steering,warmth,random_033,-0.05,2.98125,2.571875,3.431406249999999,20,10,warmth,,random,033,raw
steering,warmth,random_033,0.0,0.0,0.0,0.0,20,10,warmth,,random,033,raw
steering,warmth,random_033,0.05,-10.859375,-11.301601562499998,-10.451552734375,20,10,warmth,,random,033,raw
steering,warmth,random_033,0.1,-4.903125,-5.78609375,-3.9733984375,20,10,warmth,,random,033,raw
steering,warmth,random_034,-0.1,4.052838134765625,3.0367076110839846,5.0396107482910155,20,10,warmth,,random,034,raw
steering,warmth,random_034,-0.05,7.3034912109375,6.914223022460938,7.675496215820312,20,10,warmth,,random,034,raw
steering,warmth,random_034,0.0,0.0,0.0,0.0,20,10,warmth,,random,034,raw
steering,warmth,random_034,0.05,0.89375,0.26242187500000014,1.409375,20,10,warmth,,random,034,raw
steering,warmth,random_034,0.1,-3.29296875,-4.2953515625,-2.33044921875,20,10,warmth,,random,034,raw
steering,warmth,random_035,-0.1,-9.69345703125,-10.11146484375,-9.27729736328125,20,10,warmth,,random,035,raw
steering,warmth,random_035,-0.05,-9.0271484375,-9.9052001953125,-8.037358398437501,20,10,warmth,,random,035,raw
steering,warmth,random_035,0.0,0.0,0.0,0.0,20,10,warmth,,random,035,raw
steering,warmth,random_035,0.05,4.13544921875,3.4669287109375,4.739705810546875,20,10,warmth,,random,035,raw
steering,warmth,random_035,0.1,-4.234228515625,-4.923983154296875,-3.4287890625,20,10,warmth,,random,035,raw
steering,warmth,random_036,-0.1,-7.728125,-8.321875,-7.128125,20,10,warmth,,random,036,raw
steering,warmth,random_036,-0.05,-6.1375,-6.5625,-5.737343750000001,20,10,warmth,,random,036,raw
steering,warmth,random_036,0.0,0.0,0.0,0.0,20,10,warmth,,random,036,raw
steering,warmth,random_036,0.05,4.55859375,3.7155859375,5.3867578125,20,10,warmth,,random,036,raw
steering,warmth,random_036,0.1,-2.22734375,-2.6672656249999998,-1.78279296875,20,10,warmth,,random,036,raw
steering,warmth,random_037,-0.1,3.3611328125,2.92112548828125,3.88118408203125,20,10,warmth,,random,037,raw
steering,warmth,random_037,-0.05,4.1510009765625,3.5093115234375003,4.708050537109375,20,10,warmth,,random,037,raw
steering,warmth,random_037,0.0,0.0,0.0,0.0,20,10,warmth,,random,037,raw
steering,warmth,random_037,0.05,-5.959368896484375,-7.030312805175781,-4.910495605468751,20,10,warmth,,random,037,raw
steering,warmth,random_037,0.1,0.2275146484375,-1.13091796875,1.7767724609375,20,10,warmth,,random,037,raw
steering,warmth,random_038,-0.1,1.4890625,0.9812109375,1.9641015624999998,20,10,warmth,,random,038,raw
steering,warmth,random_038,-0.05,-3.608056640625,-4.354963378906249,-2.8194653320312506,20,10,warmth,,random,038,raw
steering,warmth,random_038,0.0,0.0,0.0,0.0,20,10,warmth,,random,038,raw
steering,warmth,random_038,0.05,-5.5859130859375,-6.150557861328124,-5.074938354492187,20,10,warmth,,random,038,raw
steering,warmth,random_038,0.1,-9.8005859375,-10.41396484375,-9.26650634765625,20,10,warmth,,random,038,raw
steering,warmth,random_039,-0.1,-8.27265625,-8.9669384765625,-7.514721679687502,20,10,warmth,,random,039,raw
steering,warmth,random_039,-0.05,-4.2837677001953125,-5.311734008789063,-3.1655859375000013,20,10,warmth,,random,039,raw
steering,warmth,random_039,0.0,0.0,0.0,0.0,20,10,warmth,,random,039,raw
steering,warmth,random_039,0.05,-0.11568603515625,-0.8211706542968749,0.5412396240234371,20,10,warmth,,random,039,raw
steering,warmth,random_039,0.1,-3.832421875,-4.185996093749999,-3.455751953125001,20,10,warmth,,random,039,raw
steering,warmth,random_040,-0.1,4.9072265625,4.1544775390624995,5.635175781249999,20,10,warmth,,random,040,raw
steering,warmth,random_040,-0.05,-1.664453125,-2.32890625,-0.9827929687500001,20,10,warmth,,random,040,raw
steering,warmth,random_040,0.0,0.0,0.0,0.0,20,10,warmth,,random,040,raw
steering,warmth,random_040,0.05,-2.780078125,-3.2593847656249997,-2.286328125,20,10,warmth,,random,040,raw
steering,warmth,random_040,0.1,-3.990625,-4.628125,-3.384375,20,10,warmth,,random,040,raw
steering,warmth,random_041,-0.1,3.0287109375,2.5659521484375,3.5379052734375,20,10,warmth,,random,041,raw
steering,warmth,random_041,-0.05,6.1984375,5.11390625,7.1234375,20,10,warmth,,random,041,raw
steering,warmth,random_041,0.0,0.0,0.0,0.0,20,10,warmth,,random,041,raw
steering,warmth,random_041,0.05,-7.34833984375,-8.238057861328125,-6.4005102539062495,20,10,warmth,,random,041,raw
steering,warmth,random_041,0.1,-4.3546875,-5.0390625,-3.71171875,20,10,warmth,,random,041,raw
steering,warmth,random_042,-0.1,3.18177490234375,2.804152526855469,3.5970620727539058,20,10,warmth,,random,042,raw
steering,warmth,random_042,-0.05,1.2287841796875,0.6102996826171876,1.8511437988281247,20,10,warmth,,random,042,raw
steering,warmth,random_042,0.0,0.0,0.0,0.0,20,10,warmth,,random,042,raw
steering,warmth,random_042,0.05,-2.2796875,-2.721875,-1.8249609375000002,20,10,warmth,,random,042,raw
steering,warmth,random_042,0.1,-13.905078125,-14.731289062499998,-12.742109375,20,10,warmth,,random,042,raw
steering,warmth,random_043,-0.1,-4.0609375,-4.6657421875,-3.4889843750000007,20,10,warmth,,random,043,raw
steering,warmth,random_043,-0.05,-4.18837890625,-4.61076416015625,-3.74867919921875,20,10,warmth,,random,043,raw
steering,warmth,random_043,0.0,0.0,0.0,0.0,20,10,warmth,,random,043,raw
steering,warmth,random_043,0.05,7.8192626953125,6.612107543945313,9.007291259765625,20,10,warmth,,random,043,raw
steering,warmth,random_043,0.1,1.876751708984375,1.140567626953125,2.5083148193359373,20,10,warmth,,random,043,raw
steering,warmth,random_044,-0.1,-3.85234375,-4.4914453125,-3.2350976562500007,20,10,warmth,,random,044,raw
steering,warmth,random_044,-0.05,3.68636474609375,3.0520864868164064,4.3566552734375,20,10,warmth,,random,044,raw
steering,warmth,random_044,0.0,0.0,0.0,0.0,20,10,warmth,,random,044,raw
steering,warmth,random_044,0.05,4.5376953125,2.9157568359375,6.1182226562499995,20,10,warmth,,random,044,raw
steering,warmth,random_044,0.1,-0.034765625,-0.9312060546874994,0.8577343749999994,20,10,warmth,,random,044,raw
steering,warmth,random_045,-0.1,2.85751953125,1.9994995117187502,3.754374999999998,20,10,warmth,,random,045,raw
steering,warmth,random_045,-0.05,2.2517578125,1.54495361328125,2.9880249023437493,20,10,warmth,,random,045,raw
steering,warmth,random_045,0.0,0.0,0.0,0.0,20,10,warmth,,random,045,raw
steering,warmth,random_045,0.05,5.23701171875,4.0217626953125,6.522230224609375,20,10,warmth,,random,045,raw
steering,warmth,random_045,0.1,-3.80244140625,-4.408427734375,-3.14,20,10,warmth,,random,045,raw
steering,warmth,random_046,-0.1,-7.3418701171875,-8.200852050781249,-6.453119506835939,20,10,warmth,,random,046,raw
steering,warmth,random_046,-0.05,-3.4305419921875,-4.305734252929687,-2.5941650390625,20,10,warmth,,random,046,raw
steering,warmth,random_046,0.0,0.0,0.0,0.0,20,10,warmth,,random,046,raw
steering,warmth,random_046,0.05,-5.5796875,-6.6313671874999995,-4.5733984375,20,10,warmth,,random,046,raw
steering,warmth,random_046,0.1,-12.33984375,-13.52935546875,-11.318193359375002,20,10,warmth,,random,046,raw
steering,warmth,random_047,-0.1,-4.00322265625,-4.644929199218749,-3.3977026367187504,20,10,warmth,,random,047,raw
steering,warmth,random_047,-0.05,-5.447216796875,-5.941517333984375,-4.908699951171876,20,10,warmth,,random,047,raw
steering,warmth,random_047,0.0,0.0,0.0,0.0,20,10,warmth,,random,047,raw
steering,warmth,random_047,0.05,2.468603515625,1.9220239257812501,3.0138098144531242,20,10,warmth,,random,047,raw
steering,warmth,random_047,0.1,-6.712255859375,-7.699371337890625,-5.71258544921875,20,10,warmth,,random,047,raw
steering,warmth,random_048,-0.1,7.854638671875,7.37109130859375,8.288594970703125,20,10,warmth,,random,048,raw
steering,warmth,random_048,-0.05,1.3487548828125,0.1827392578125,2.4097198486328124,20,10,warmth,,random,048,raw
steering,warmth,random_048,0.0,0.0,0.0,0.0,20,10,warmth,,random,048,raw
steering,warmth,random_048,0.05,-10.3056640625,-10.9099951171875,-9.66716796875,20,10,warmth,,random,048,raw
steering,warmth,random_048,0.1,-6.47373046875,-6.79436767578125,-6.15571533203125,20,10,warmth,,random,048,raw
steering,warmth,random_049,-0.1,-16.795361328125,-17.497008056640624,-16.182181396484374,20,10,warmth,,random,049,raw
steering,warmth,random_049,-0.05,-12.218536376953125,-12.659883422851562,-11.724212799072266,20,10,warmth,,random,049,raw
steering,warmth,random_049,0.0,0.0,0.0,0.0,20,10,warmth,,random,049,raw
steering,warmth,random_049,0.05,-1.384375,-1.9721093749999996,-0.809375,20,10,warmth,,random,049,raw
steering,warmth,random_049,0.1,2.446875,1.962421875,2.871875,20,10,warmth,,random,049,raw
steering,warmth,warmth,-0.1,-0.25625,-0.325,-0.178125,20,10,warmth,warmth,target,,raw
steering,warmth,warmth,-0.05,-0.153125,-0.228125,-0.06875,20,10,warmth,warmth,target,,raw
steering,warmth,warmth,0.0,0.0,0.0,0.0,20,10,warmth,warmth,target,,raw
steering,warmth,warmth,0.05,-0.0171875,-0.1171875,0.10003906249999979,20,10,warmth,warmth,target,,raw
steering,warmth,warmth,0.1,0.0453125,-0.04535156249999993,0.1328515624999998,20,10,warmth,warmth,target,,raw
